店名,住所,電話番号,予約・お問い合わせ
Excellent Gunma Food さんず,群馬県高崎市通町48 武藤ビル 2F,027-388-8261,050-5590-4433
地鶏と網焼き 個室居酒屋 鶏匠 高崎店,群馬県高崎市通町43-1 ウィズスクエア 3F,080-3347-6935,050-5596-4920
MEAT LABO ENISHI 高崎駅前店（【旧店名】和風情緒×個室居酒屋 縁）,群馬県高崎市八島町32-7 三笠第三ビル 4F,027-384-4096,050-5593-9679
和食郷土料理 個室居酒屋 高崎屋 高崎本店（【旧店名】創作和食 個室居酒屋 楓葉の響）,群馬県高崎市八島町32-7 三笠第三ビル 4F,027-327-7622,050-5593-9680
中村麺兵衛 高崎店,群馬県高崎市下小鳥町418-1 ,027-395-5095,-
大衆とり酒場 とりいちず 高崎東口店,群馬県高崎市栄町4-10 三笠第一ビル 1F,-,未開通
やきとり 笑多（ショウタ）,群馬県高崎市片岡町3-4-5 ,027-381-5621,050-5456-5184
しゃぶしゃぶすき焼どん亭 高崎店（どんてい）,群馬県高崎市緑町1-1-1 ,-,050-1809-4054
くいもの屋わん 高崎店,群馬県高崎市八島町110-6 ＴＯ－ＭＯＲＥビル　４Ｆ,-,027-330-6660
炭火焼肉・ほるもん こち家,群馬県高崎市連雀町4 馬場店舗ビル 2F,027-388-8525,050-5457-0213
地鶏 土鍋ご飯 あし火 高崎本店,群馬県高崎市八島町110-6 2F,027-388-0116,050-5600-1090
BonCourage（ボンクラージュ）,群馬県高崎市栄町27-2 ,027-321-8108,050-5456-0683
黒毛和牛＆極上牛タン＆焼肉バル THE BLACK BULL CLUB 高崎店（ザブラックブルクラブ）,群馬県高崎市新田町5-8 ジェイズビル 101 ,027-329-5523,050-5890-5176
ブラッスリーローリエ（Laurier）,群馬県高崎市八島町222 ホテルメトロポリタン高崎　６Ｆ,027-325-3461,050-5590-7569
肉割烹 蕾（ニクカッポウ ツボミ ～hanatale～）,群馬県高崎市連雀町30-1 ,027-393-6687,050-5456-6813
豊丸水産 高崎駅西口店,群馬県高崎市八島町223 高崎駅構,027-320-7277,050-5600-3462
旬の食と地酒 蔵や 高崎駅前店,群馬県高崎市八島町110-6 TO-MOREビル 5F,027-395-0341,050-5595-1342
庄や 高崎西口店,群馬県高崎市八島町117-8 第一明構ビル 1F・2F,027-328-8833,050-5592-8700
高崎個室居酒屋 居酒肴 じゅうにつき,群馬県高崎市通町93-23 ,027-386-4583,050-5592-1783
浜焼き海鮮居酒屋 大庄水産 高崎西口店,群馬県高崎市八島町17-8 石井ビル 1F,027-323-8011,050-5592-8702
洋食キッチン シャトー,群馬県高崎市栄町1-1 LABI1 LIFE SELECT高崎 5F,027-345-8766,050-5593-6730
炭火焼ホルモン Fuu（フゥ）,群馬県高崎市通町48 武藤ビル 1F,027-388-8324,050-5590-4434
鉄板酒場エイト,群馬県高崎市田町147-2 1F,027-335-6175,050-5456-6060
肉豆冨とレモンサワー 大衆食堂 安べゑ 高崎駅東口店,群馬県高崎市栄町14-4 ラ・シーム高崎ビル 1F,027-310-5580,050-5589-5204
焼肉 うしいち,群馬県高崎市寄合町25-1 AKATSUKI.BLD 0II 1F,080-8131-7007,050-5595-1336
ステーキのどん 高崎北店,群馬県高崎市緑町2-1-1 ,027-362-9933,050-5589-9288
牛タン うま囲 高崎駅前店,群馬県高崎市栄町14-1 高崎イーストセンタービル 2F,027-381-8474,050-5596-2061
肉とワインのイタリアン酒場more 高崎店（モア）,群馬県高崎市連雀町137 ,027-386-3040,050-5456-0680
上海華龍 ヤマダ電機LABI１高崎店,群馬県高崎市栄町1-1 LABI1高崎 5F,027-386-3388,050-5869-2094
肉 地酒 個室居酒屋 結 高崎駅前店,群馬県高崎市八島町110-6 TO-MOREビル 4F,027-388-8596,050-5593-8040
炉端とおでん 呼炉凪来 高崎店,群馬県高崎市八島町32-7 三笠第2ビル 5F,027-386-9124,050-5594-8188
葵屋 高崎西口店（AOIYA）,群馬県高崎市八島町110-6 TOMOREビル 3F,027-395-8660,050-5595-6005
海鮮茶屋 一鮮（いっせん）,群馬県高崎市栄町1-1 LABI1高崎 5F,027-386-6164,050-5595-3724
炭火焼き うし,群馬県高崎市砂賀町32-3 サニービル,027-395-0231,050-5595-7529
日本の酒と馬の肉 ウマ○ 高崎駅前店,群馬県高崎市八島町117-3 萬年屋ビル 4F,027-329-6365,050-5571-9891
焼肉 炎亭,群馬県高崎市剣崎町1043-3 ,027-381-6929,050-5456-6391
なかまや,群馬県高崎市新紺屋町26 1F,027-377-3204,050-5869-6503
SALLY TABLE（サリィ テーブル）,群馬県高崎市上中居町1542-1 ,027-350-7684,050-5570-8502
asiana茶廊,群馬県高崎市浜尻町222-6 ,027-364-2836,050-5595-6020
備長扇屋 高崎上中居店,群馬県高崎市上中居町字前屋敷770-4 ,027-330-3301,050-5600-2840
牛角 高崎問屋町店,群馬県高崎市問屋町2-3-4 ,027-370-8929,050-5596-0602
海鮮市場 からっ風,群馬県高崎市八島町263 セントラルホテル高崎 1F,027-326-3439,050-5595-7848
やきとりの扇屋 群馬町店,群馬県高崎市棟高町83-5 ,027-350-3515,050-5600-3366
プロント 高崎モントレー店（PRONTO）,群馬県高崎市八島町222 高崎モントレー コンコース,027-386-9505,050-5594-4845
小料理 寿美（スミ）,群馬県高崎市問屋町西1-9-4 TCOMFORT 1F,027-388-0731,050-5595-1334
レストランエキリーブレ,群馬県高崎市栄町2-18 ,027-386-6452,050-5596-2057
焼肉酒家 てっしん。 高崎本店,群馬県高崎市あら町65 ,027-386-8629,050-5570-7821
焼肉 伽倻の家 高崎店（カヤノイエ）,群馬県高崎市上大類町750 ,027-352-7155,050-5595-0873
しゃぶしゃぶ金光,群馬県高崎市栄町1-1 LABI1 LIFE SELECT高崎 5F,027-323-4129,050-5595-3723
炙りや 笑多 高崎駅前店（ショウタ）,群馬県高崎市八島町29-9 TWINS OKUI 2F,027-388-0033,050-5596-2060
LA UEHARA ITALICO（ラ ウエハラ イタリコ）,群馬県高崎市南大類町996-1 ,027-381-6339,050-5594-2899
新時代 高崎駅前店,群馬県高崎市連雀町134 サファリビル 1F,027-388-8562,050-5596-2059
海鮮 イタリアンバル ルチアーノ,群馬県高崎市通町43 ウィズスクエア 2F,027-381-5930,050-5594-8596
SHOGUN BURGER TAKASAKI（ショーグン バーガー）,群馬県高崎市緑町4-2-4 ,-,-
euro dining claret（ユーロダイニングクラレット）,群馬県高崎市旭町33 NODE-33-101,027-386-9775,050-5869-2529
バル レオン（BAR LEON ）,群馬県高崎市連雀町138 ＦＡＣＥ-Ｒビル 1F,027-327-0086,050-5590-6070
わぎゅう専科 焼肉屋,群馬県高崎市栄町1-1 ヤマダ電機 5F,027-386-2942,050-5593-6731
陳麻家 高崎駅西口店,群馬県高崎市八島町222 高崎駅ビル 1Ｆ,027-321-9970,050-5592-7088
Chee's cafe dining（チーズ カフェ ダイニング）,群馬県高崎市箕郷町下芝531-4 ,027-395-0029,050-5593-7226
さわ,群馬県高崎市八島町265 イノウエビル B1F,027-327-1738,050-5890-7117
弥助鮨 本町店,群馬県高崎市本町103 ,027-326-3633,050-5590-1205
目利きの銀次 高崎西口駅前店,群馬県高崎市鶴見町3-1 西口サウスパークビル 1F,027-321-8988,050-5872-5490
炭火焼肉 千味庭（senmitei）,群馬県高崎市下小鳥町67-14 ,027-365-2626,050-5593-0240
魚民 高崎西口駅前店,群馬県高崎市鶴見町3-1 西口サウスパークビル　１Ｆ,027-321-8788,050-5600-2942
酒ト肴・〆うどん あかり,群馬県高崎市栄町19-17 ,027-326-6100,050-5457-8940
旬鮮魚菜 くじら,群馬県高崎市東貝沢町4-4-13 ,027-370-5800,050-5596-2055
串揚げ きりん,群馬県高崎市連雀町122 連雀町店舗ビル 2F,080-2933-9151,050-5456-0282
カフェレスト（Ｃａｆｅｒｅｓｔｏ）,群馬県高崎市栄町1-1 LABI1 LIFE SELECT高崎 5F,027-321-0333,050-5595-3725
Different World R 肉バル（ディファレント ワールド アールニクバル）,群馬県高崎市鞘町59-2 セントラル高崎 1F,070-9092-3577,050-5600-4941
ホルモンオールスターズ（【旧店名】ユウ ザ ホルモン）,群馬県高崎市上大類町718-4 ,-,027-395-4129
焼肉トラジ 高崎店,群馬県高崎市八島町46-1 高崎オーパ 8F,027-310-2929,050-5872-5235
レストランいしだ,群馬県高崎市八千代町1-12-5 仲沢ビル 2F,027-323-5040,050-5590-9768
焼肉食べ放題 俺の店 高崎西口駅前店,群馬県高崎市鶴見町3-1 西口サウスパークビル 1F,027-321-7588,050-5600-3621
PERFECT BEER KITCHEN 高崎店（パーフェクト ビア キッチン）,群馬県高崎市旭町37-6 アーキビル 2F,-,050-8892-9980
香ノ酉 -KOUNOTORI-（コウノトリ）,群馬県高崎市江木町566-5 ,027-381-8850,050-5590-3845
全席完全個室 鶏と海鮮居酒屋 九州 鶏うお 高崎店,群馬県高崎市八島町58-1 ウエストワンビル B1F,027-310-1550,050-5595-1341
ほでり,群馬県高崎市栄町19-17 ,027-326-6000,050-5868-5347
野菜肉捲き串 葉伽梵 高崎本店（ばかぼん）,群馬県高崎市連雀町4-3 ,027-322-2115,050-5589-3694
きべなん,群馬県高崎市栄町26-25 関口ビル 1F,090-6902-1004,050-5594-2896
オイスターハウス（OYSTER HOUSE）,群馬県高崎市通町42 八幡ビル 1F,027-386-6603,050-5890-2814
高崎手ぶらBBQ ザ・テラス,群馬県高崎市鞘町13 ,080-4476-7214,050-5456-3060
ビアバー ベアー（BEER BAR BEAR）,群馬県高崎市八島町29  TWINSビル 2F,027-381-6864,050-5592-7368
ファン・ダルクオーレ（FAN×DALCUORE）,群馬県高崎市竜見町10-8 ,027-328-1212,050-5872-8096
燻製バル ブライアン,群馬県高崎市嘉多町40 ハットリビル 1F,027-384-4645,050-5594-9618
Missa Marina produced by SORRISO（ミッサ マリーナ プロデュース バイ ソリッソ【旧店名】ミッサマリーナ）,群馬県高崎市上並榎町320-4 ,027-395-0778,050-5595-1332
Shrimp Bar 海老寿（シュリンプ バー エビス）,群馬県高崎市通町140-14 のら猫ビル 1F,027-386-8004,050-5593-4648
マンゴリアン,群馬県高崎市八島町70-49 ラ・メルセ１F,027-395-4056,050-5600-6302
高崎 甲羅本店,群馬県高崎市問屋町西1-11-10 ,027-364-0091,050-5456-0676
がってん食堂 大島屋 高崎緑町店,群馬県高崎市緑町4-8-6 ,027-388-8998,050-5589-6446
Beef Laboratory,群馬県高崎市飯塚町381-1 ,027-384-3629,050-5869-9895
廣新米穀 高崎駅前店（【旧店名】京都 銀ゆば）,群馬県高崎市八島町232-8 アパホテル高崎駅前 3F,027-310-6681,050-5589-9597
Chicken Dining owl 高崎総本店（チキン ダイニング アウル）,群馬県高崎市通町42 八幡ビル 2F,027-384-4940,050-5592-7370
韓国キッチン ヨギヨポチャ 高崎店,群馬県高崎市八島町29-9 TWINS OKUI 1F,027-386-6022,-
美加和,群馬県佐波郡玉村町角渕5113 ,-,0270-64-1182
上州濃厚激辛うどん 麺蔵,群馬県高崎市栄町2-3 ,-,027-327-9188
ロッテリア 高崎ウニクス店,群馬県高崎市飯塚町1150-5 ,-,0120-070-612
ガスト 群馬新町店,群馬県高崎市新町2432-1-1 ,-,-
石うす,群馬県高崎市根小屋町434-2 ,-,027-346-6240
麺工房　菜の花,群馬県高崎市下小鳥町173-1 ,-,-
薄利多賣半兵ヱ 高崎駅前店,群馬県高崎市八島町110-6 ,-,027-310-5008
メゾン・ド・ジルコ（Maison de Jillco）,群馬県高崎市通町2-3 安藤ビル 1F,-,027-329-6444
サイゼリヤ 高崎高関店,群馬県高崎市高関町372 ,-,027-321-2105
丸直,群馬県高崎市新町587-1 ,-,0274-42-0956
鉄板焼 龍見泰正,群馬県高崎市羅漢町18-1 チェルキオ羅漢 1F,-,070-2810-1684
ダンニャバード（【旧店名】アシィルバード）,群馬県高崎市冷水町186-1 ,-,027-372-8180
Bar Keizo（バー ケイゾウ）,群馬県高崎市嘉多町23-1-2 ,-,027-341-6549
ミニワン イーサイト高崎店（MiniOne）,群馬県高崎市八島町222 イーサイト高崎 2F,-,027-393-6669
蔵之助,群馬県高崎市嘉多町43 ,-,027-327-3988
ハノイクアン（Hà Nội Quán）,群馬県高崎市飯塚町1398-2 ,-,不明の為情報お待ちしております
三杉屋,群馬県高崎市榛名山町177-1 ,-,-
素敵亭（ステキテイ）,群馬県高崎市緑町3-9-2 ,-,027-363-3949
菜の花,群馬県高崎市倉渕町三ノ倉1588-1 ,-,027-378-2624
とり鶴,群馬県高崎市鶴見町5-11 ,-,027-322-1050
シンキチ醸造所,群馬県高崎市若松町2-11 ,-,080-6629-2017
冷めんの店 たかひ 高関店,群馬県高崎市高関町407 ,-,-
高崎 芸術野菜とイタリアンピッツァ マーロ,群馬県高崎市中泉町123-2 ,-,027-384-2099
ガスト 高崎店,群馬県高崎市飯塚町32-1 ,-,027-360-3037
横浜家系ラーメン 矢中家,群馬県高崎市矢中町2-1 ,-,-
からゐ屋（カライヤ）,群馬県高崎市下小鳥町67-5 ,-,-
辛麺屋 桝元 高崎インター店,群馬県高崎市島野町976-1 ,-,-
料亭 暢神荘（ちょうじんそう）,群馬県高崎市椿町33 ,-,027-322-4511
自家製ラーメン大者（DAIJA）,群馬県高崎市貝沢町1282-1 ,-,-
丸亀製麺 イーサイト高崎店,群馬県高崎市八島町222 イーサイト高崎 1F,-,-
ステーキ宮 高崎東店,群馬県高崎市上大類町884-1 ,-,-
そば処馬車屋,群馬県高崎市京目町48-3 ,-,-
和ダイニング だんべ。,群馬県高崎市八島町62 松栄堂ビル　１F,-,027-386-3585
大和屋 高崎本店,群馬県高崎市筑縄町66-22 ,-,027-362-5911
珈琲館 高崎小鳥町店（コーヒーカン）,群馬県高崎市下小鳥町453-1 ,-,027-363-5351
田舎うどん吾作,群馬県高崎市中泉町66-2 ,-,-
とり弁鶏 前橋川曲店,群馬県前橋市川曲町208-1 ,-,027-212-7117
ビストロクー（Bistro　Queux）,群馬県高崎市中居町1-7-5 ,-,027-333-5690
GARDEN PARTY cafe + kitchen（ガーデンパーティー）,群馬県高崎市栄町15-15 NOAビル 1F,027-329-6755,050-5594-2677
イタリアン バール ラ ファミーリア（Italian Bar La Famiglia）,群馬県高崎市八島町58-1 高崎ウエストワンビル 2F,-,027-381-6600
六曜館,群馬県高崎市南大類町1045-3 ,-,027-352-1001
そば盛,群馬県高崎市金古町1348 ,-,027-373-7353
藤岡ゴルフクラブ レストラン,群馬県藤岡市白石2925 ,-,-
cafe あすなろ（カフェアスナロ）,群馬県高崎市鞘町73 ,-,027-384-2386
小塙,群馬県高崎市上小鳥町525 ,-,不明の為情報お待ちしております
エッグチキン（フレンチ食堂エッグチキン）,群馬県高崎市宮元町25 ,-,090-3247-1315
バリエ,群馬県高崎市元島名町519-5 ,-,027-352-4312
遊楽亭,群馬県高崎市八島町222 高崎モントレー 5F,-,027-310-2941
ラ ラ スウィーツ（La La Sweets）,群馬県高崎市飯塚町382 ,-,027-362-9966
和食処 板さんち,群馬県高崎市箕郷町上芝389-7 ,-,027-371-5856
ニパー,群馬県高崎市成田町2-39 ,-,027-384-2286
ココス 高崎店（COCO’S）,群馬県高崎市請池町11-62 ,-,027-320-1533
高崎パスタ専門店 パスタール（PASTAR）,群馬県高崎市中泉町609-1 ,-,027-372-8456
魚べい 高崎問屋町店,群馬県高崎市問屋町2-11-4 ,-,-
中華料理　同源 高崎店,群馬県高崎市浜尻町206-4 ,-,027-364-5177
麺処 めの娘 高崎問屋町店（メンドコロ メノコ）,群馬県高崎市問屋町1丁目11-32 ,-,-
やきとり処杉菜,群馬県高崎市羅漢町32 ,-,027-328-2622
サーティワンアイスクリーム イオンモール高崎店,群馬県高崎市棟高町1400 イオンモール高崎 1F,-,027-310-9068
雨云（あうん）,群馬県高崎市栄町12-8 田村店舗 1F,-,027-388-9890
ドンレミーアウトレット 高崎店（Domremy Outlet）,群馬県高崎市東町5 ココパルク800 １Ｆ,-,-
ハンプティーダンプティー 高崎上中居店（HUMPTY DUMPTY）,群馬県高崎市上中居町400-1 ,-,027-326-1985
酉番,群馬県高崎市あら町223 ,-,027-327-1977
日本茶喫茶・蔵のギャラリー 棗（なつめ）,群馬県高崎市檜物町13 ,-,027-326-1167
丸駒製麺,群馬県安中市板鼻67-1 ,-,-
麺処 風人,群馬県高崎市貝沢町741 新井ビル 1F,-,-
鮨　松もと,群馬県高崎市本町30-1 ,-,027-395-0995
トラットリア・バンビーナ 筑縄店（Trattoria bambina）,群馬県高崎市筑縄町13-8 ,-,-
Dining SALUTE（ダイニング サルーテ）,群馬県高崎市岩押町12-13 ,-,027-384-4138
がってん寿司 高崎上大類店（がってんずし）,群馬県高崎市上大類町776 ,-,-
MANIACTION（マニアクション）,群馬県高崎市新町1435-11 ,-,0274-50-9389
菊寿司,群馬県高崎市上豊岡町295 ,-,027-323-9466
そば三昧 高崎店,群馬県高崎市栄町1-1 LABI1高崎 5F,-,027-322-8008
生そば あずま 高崎店,群馬県高崎市下小鳥町67-9 ,-,-
コメダ珈琲店 イオンモール高崎店,群馬県高崎市棟高町1400 イオンモール高崎 1F,-,-
たこ顔 江木店（タコズラ）,群馬県高崎市江木町986 ,-,027-388-8981
すき家 高崎緑町店,群馬県高崎市緑町1-29-9 ,-,非公開
ホワイトイン高崎,群馬県高崎市赤坂町94 ,-,027-325-5858
プチ・ボヌール（Petit　Bonheur）,群馬県高崎市中居町4-1-1 YOUビル 1F,-,027-381-5616
鮨 おかだ,群馬県高崎市大橋町251-1 ,-,027-325-0084
居酒屋 とと炉,群馬県高崎市砂賀町32-3 サニービル 1F,-,027-384-3559
ドゥミール（Du Meal）,群馬県高崎市中大類町407-7 ,-,027-335-6129
ハイファイブ（HIGH FIVE）,群馬県高崎市塚田町212-1 ,-,027-373-7337
ブレッドファクトリー,群馬県高崎市八島町46-1 高崎オーパ 1F,-,-
都○（TOMARU）,群馬県高崎市上大類町904-2 ,-,027-395-0162
モスバーガー 群馬町店,群馬県高崎市菅谷町1243-14 ,-,027-373-7727
台湾料理　長楽 高崎店,群馬県高崎市並榎町56-9 ,-,027-364-5085
チャイナはうす・龍,群馬県高崎市石原町3316 ,-,027-326-2528
焼肉あらじん,群馬県高崎市嘉多町32 ,-,027-324-5654
我流 与志田,群馬県高崎市あら町6-1 1F,-,027-387-0125
快庵,群馬県高崎市上滝町499-3 ,-,-
久華,群馬県高崎市石原町543-5 ,-,027-323-3852
東京油組総本店 高崎組,群馬県高崎市浜尻町1175 ,-,-
ワッフル専門店 レスト,群馬県高崎市井野町178-16 ,-,027-381-5905
骨付き鳥 あゆちゃん,群馬県高崎市宮元町205 ザウルスワンビル,-,027-328-1717
ディッソルートクッチーナ（Dissoluto CUCINA）,群馬県高崎市田町106-5 ,-,027-384-6070
ホルモン大学 高崎店,群馬県高崎市砂賀町47 ,-,027-345-8787
りんご畑（Apple Field）,群馬県藤岡市上戸塚99-15 ,-,0274-22-8199
環七ラーメン 周麺（しゅうめん）,群馬県高崎市鞘町35-1 ,-,-
鞘町酒場 頂喜（【旧店名】海旬酒場 頂喜）,群馬県高崎市鞘町20-1 ,-,080-7361-1221
むぎなわ,群馬県高崎市片岡町3-2-3 ,-,027-325-5156
杉乃家,群馬県富岡市七日市480-2 ,-,0274-62-1734
創作中華料理 名采,群馬県高崎市八島町46-1 高崎オーパ 8F,-,027-388-8171
醸しや 大澤（カモシヤ オオサワ）,群馬県高崎市棟高町1184-2 ,-,027-373-2234
たこやき 凪,群馬県高崎市上大類町878-9 東側店舗,-,090-4369-8080
吉野家 高崎環状線上豊岡店,群馬県高崎市上豊岡町833-1 ,-,027-340-7223
甘楽亭,群馬県藤岡市藤岡1673-5 ,-,0274-22-0244
観音山 風車,群馬県高崎市石原町2211-4 ,-,027-322-7289
リッシュ,群馬県高崎市飯塚町1259-3 ,-,027-364-1400
群馬の台所（峠の釜めし本舗 おぎのや 群馬の台所）,群馬県高崎市八島町222 イーサイト高崎 2F,-,027-329-5656
IRUKA 高崎店（海豚）,群馬県高崎市飯塚町742-1 ,-,-
魚辰（うおたつ）,群馬県高崎市住吉町1 ,-,027-327-0474
おおぎやラーメン 高崎上豊岡店,群馬県高崎市上豊岡町288 ,-,-
PIZZA MUHU（ピッツァ ムフ）,群馬県高崎市上大類町718 ,-,080-5208-6262
たこ顔 高崎店,群馬県高崎市飯塚町32-1 ,-,027-364-8824
やはたや,群馬県高崎市山名町178-3 ,-,027-347-4711
農園レストラン Nofu（ノーフ）,群馬県高崎市柴崎町1642-2 ,-,027-335-8207
レストラン ラ・コンテ,群馬県高崎市飯塚町800 ヴィラ・デ・マリアージュ高崎,-,027-365-4122
マクドナルド 高崎モントレー店,群馬県高崎市八島町222 高崎モントレー 1F,-,-
サイゼリヤ LABI1高崎店,群馬県高崎市栄町1-1 ヤマダ電機LABI1高崎 5F,-,027-330-1501
弥助鮨 高崎 四ツ屋店（ヤスケズシ）,群馬県高崎市四ツ屋町14-1 ,-,027-322-7771
たこ焼 べんてん 高崎本店,群馬県高崎市棟高町130-2 ,-,不明の為情報お待ちしております
彩月（さつき）,群馬県高崎市飯塚町367-4 ,-,-
焼肉きんぐ 高崎インター店,群馬県高崎市上大類町西宅地1010-2 ,-,027-350-1133
HANADAN CAFE（ハナダンカフェ）,群馬県前橋市川曲町20-6 ,-,027-212-8622
Trattoria Ume（トラットリア ウメ）,群馬県高崎市請地町19-1 ,-,027-395-0338
Bedford Market（ベッドフォードマーケット）,群馬県高崎市八島町222 高崎モントレー 5F レストラン街,-,027-386-6363
和食 神楽,群馬県高崎市本町114 ,-,027-386-2554
nano stand（ナノ スタンド）,群馬県高崎市大橋町37 ,-,027-381-6466
サン・フレッシュ 髙島屋高崎店（生ジューススタンド）,群馬県高崎市旭町45 高崎タカシマヤ B1F,-,-
洋食 ACERO（アチェロ）,群馬県高崎市下小鳥町61-4 ,-,027-386-3900
Di PUNTO  イーサイト高崎店（ディプント）,群馬県高崎市八島町222 イーサイト高崎 1F,-,027-387-0139
R Baker mini 高崎店（アールベイカーミニ）,群馬県高崎市金古町2377-1 ,-,-
シルクロード 石原店,群馬県高崎市石原町3220‐1 ,-,027-323-3821
小ざくら,群馬県高崎市通町4 ,-,027-325-9733
月白茶菓,群馬県高崎市並榎町147 ,-,不明の為情報お待ちしております
いっちょう 高崎問屋町店,群馬県高崎市飯塚町367-4 ,-,050-1808-7609
すき家 高崎上中居店,群馬県高崎市上中居町190-1 ,-,0120-498-007
パティスリー サンクトロワ（Patisserie Cinqtrois）,群馬県佐波郡玉村町大字角渕4338-1 ,-,0270-55-2477
ヤキニクガーデン 肉男（ヤキニクガーデン ミートマン）,群馬県高崎市飯塚町381-4 ,-,027-387-0209
中華酒場 龍翔（【旧店名】龍翔飯店）,群馬県高崎市緑町1-12-5 ,-,027-364-1288
ポンチ軒,群馬県高崎市栄町12-3 ,-,027-395-4548
まじヤバくない？,群馬県高崎市飯塚町487 ,-,027-381-8027
すき家 玉村上之手店,群馬県佐波郡玉村町大字上之手1628-2 ,-,非公開
ルリアン（Le*Lien）,群馬県高崎市栄町14-11 きむらビル1 1F,-,090-6949-4669
ココス 高崎中居店,群馬県高崎市中居町4-23-2 ,-,027-360-5622
和食料理 和ごころ いなほ,群馬県高崎市筑縄町10-23 ,-,027-384-2799
大黒屋 下小鳥店,群馬県高崎市下小鳥町460-3 ,-,-
萬家 矢中店,群馬県高崎市矢中町317-24 ,-,050-1726-0259
すかや 玉村支店,群馬県佐波郡玉村町板井832 ,-,-
ル・パン 観音山（Le Pain Kannonyama）,群馬県高崎市八千代町1-12-5 ,-,027-386-3488
福久郎 群馬いろは販売所（フクロウ）,群馬県高崎市八島町222 高崎駅 E'site高崎 2F,-,-
Cafe Capable（カフェ カパーブル）,群馬県高崎市下小鳥町92-4 ,-,027-363-6377
横浜らーめん田村家 高崎店,群馬県高崎市小八木町859-1 ,-,-
小田原屋（オダワラヤ）,群馬県高崎市あら町1-10 ,-,027-322-2540
さんびきのこぶた,群馬県藤岡市本動堂141-3 ,-,0274-24-2671
アベニュー（AVENUE）,群馬県高崎市田町86-3 ,-,027-327-3060
中華居酒屋らいち,群馬県高崎市上中居町369-3 ,-,027-388-0899
から好し 高崎江木店,群馬県高崎市江木町1681 ,-,027-310-5066
わさび,群馬県高崎市中紺屋町31 ,-,027-327-1101
栄鵬,群馬県高崎市中泉町127-4 ,-,-
かめや,群馬県高崎市若田町1-5 ,-,027-343-7151
はなまるうどん 高崎店,群馬県高崎市緑町4-2-3 ,-,-
キッチン ムロオカ,群馬県高崎市剣崎町847-5 ,-,027-368-0901
エルフリオ（el julio）,群馬県高崎市宮元町206番地 ,-,027-321-4785
スシロー 高崎飯塚店,群馬県高崎市飯塚町349 ,-,027-370-1066
スターバックスコーヒー 高崎上中居店（STARBUCKS COFFEE）,群馬県高崎市上中居町1379 ,-,-
Restaurant Cafe CARO 高崎高島屋店（レストラン カフェ カーロ）,群馬県高崎市旭町45 高崎タカシマヤ 6F,-,027-327-1111
WABI やまどり,群馬県高崎市東町3-5 ホテルココグラン高崎1階 1F,-,027-345-7377
スターバックスコーヒー イーサイト高崎店,群馬県高崎市八島町 222 E'site 高崎,-,-
佐平次,群馬県高崎市八島町19-25 ,-,0273-33-4809
すかや 鶴見支店,群馬県高崎市八島町93-1 ,-,027-323-1170
DEKO（デコ）,群馬県高崎市東貝沢町4-15-8 ,-,027-365-5639
らーめん ともや 玉村店,群馬県佐波郡玉村町角渕4357-18 ,-,-
The Red Lion Takasaki（ザ レッドライオン タカサキ）,群馬県高崎市通町33-2 ,-,027-325-1405
日本一,群馬県高崎市本町3-73 ,-,-
大恵鮨,群馬県高崎市倉賀野町407 ,-,027-346-3326
上州長屋酒房 一福,群馬県高崎市通町47 ,-,027-386-3356
笹や,群馬県高崎市九蔵町103 ,-,027-325-1659
遊彩食（ユウサイショク）,群馬県高崎市旭町45 高崎タカシマヤ 6F,-,027-328-0129
観音茶屋,群馬県高崎市石原町2709 ,-,-
冨士久食堂,群馬県高崎市中里見町121-2 ,-,027-374-0343
うどん 四方吉 高崎店（うどん　しほきち）,群馬県高崎市江木町1507 ,-,-
伝蔵 問屋町店（デンゾウ）,群馬県高崎市緑町4-2-2 ,-,027-386-8998
羅珈亜樹（らかあじゅ）,群馬県高崎市白銀町17 ,-,027-327-4401
味菜屋（あじさいや）,群馬県高崎市東貝沢町2-3-6 ,-,-
中華料理 成都,群馬県高崎市嘉多町45 ,-,027-381-6520
ナポリの食卓 高崎店,群馬県高崎市西国分町158-1 ,-,027-360-6344
アルカ ロカ（arca roca）,群馬県高崎市筑縄町10-24 ,-,027-384-4358
スイートガーデン 半熟屋 イーサイト高崎店（Sweet Garden HANJYUKU-YA）,群馬県高崎市八島町222 イーサイト高崎 2F,-,027-395-0350
酒悦 七（NANA）,群馬県高崎市通町66 ,-,027-327-0571
リトルライトコーヒー（Little Light Coffee）,群馬県高崎市上中居町418-1 ,-,080-1985-4324
ラーメン キングジョー,群馬県高崎市貝沢町1320-1 ,-,-
酒場 にのせん,群馬県高崎市寄合町48 ,-,0273-35-6167
スパゲッティー専科 はらっぱ 本店,群馬県高崎市上中居町1679-1 ,-,-
甘楽カントリークラブレストラン,群馬県甘楽郡甘楽町天引1955 ,-,0274-74-5151
めら蔵,群馬県高崎市八島町222 イーサイト高崎 2F,-,027-329-5656
くら田 燎（カガリビ）,群馬県高崎市通町51-1 ,-,027-388-0181
しゃぶしゃぶ・日本料理 木曽路 高崎店,群馬県高崎市上大類町830-1 ,-,027-310-7830
天松,群馬県高崎市寄合町48 ,-,-
コメダ珈琲店 カインズ前橋川曲店,群馬県前橋市川曲町513-1 ,-,-
洋食香味亭（コウミテイ）,群馬県高崎市緑町4-4-8 香味亭ビル 1Ｆ,-,027-364-0882
スターバックスコーヒー 高崎オーパ店（STARBUCKS COFFEE）,群馬県高崎市八島町46-1 高崎オーパ 1F,-,027-310-5570
八幡茶屋,群馬県佐波郡玉村町下新田68-4 ,-,0270-71-6717
エッグマーチン（egg martin）,群馬県前橋市朝日町3-12-7 ,-,080-7563-1175
パティスリー・リアン イーサイト高崎店,群馬県高崎市八島町222 Esite高崎 2F,-,027-310-2545
ラ・メーゾン（La maison）,群馬県高崎市田町24 ,-,027-326-2000
池田屋,群馬県高崎市正観寺町632-12 ,-,-
吉野家 玉村上飯島店,群馬県佐波郡玉村町大字上飯島269-1 ,-,-
GGCキッチン,群馬県高崎市中泉町631-7 ,-,027-372-7330
天神の湯,群馬県高崎市中尾町天神329-3 ,-,-
酒笑（サカショウ）,群馬県高崎市砂賀町43 ,-,-
いっちょう 群馬町店,群馬県高崎市棟高町151 ,-,050-1726-1637
西邑（ニシムラ）,群馬県高崎市上豊岡町572-6 ,-,027-343-3247
ひしめき亭 高崎店,群馬県高崎市新保町40-1 ,027-381-8625,-
くちなし亭,群馬県高崎市上里見町30-2 ,-,027-374-3456
らぁめん 味蔵,群馬県高崎市綿貫町1695-3 ,-,-
美熊家 高崎店,群馬県高崎市小八木町774 パチンコビックマーチ敷地内,-,-
炙りや 笑多（ショウタ）,群馬県高崎市田町31 ,-,027-386-9966
異人館,群馬県安中市板鼻2-205 ,-,027-382-6533
根岸焼まんじゅう店,群馬県高崎市南大類町444 ,-,027-353-3404
莫山,群馬県高崎市本郷町95-7 ,-,090-4747-3922
ゆとり庵,群馬県高崎市島野町890-3 京ヶ島天然温泉湯都里 1F,-,-
kokokara..（ココカラ..）,群馬県高崎市本町38 ,-,050-8892-8286
トンビコーヒー（tonbi coffee）,群馬県高崎市菅谷町531-10 ,-,-
バー　ミスティ（Bar Misty）,群馬県高崎市砂賀町57 ,-,027-386-9893
一路堂カフェ,群馬県高崎市石原町2710-1 高崎観音,-,090-2475-4893
ラーメンハウス 孫悟空（そんごくう）,群馬県高崎市八千代町4-6-1 ,-,-
問屋町食堂,群馬県前橋市問屋町1-8-1 ,-,不明の為情報お待ちしております
中国料理 賽福香（サイフシャン）,群馬県高崎市下中居町111-2 ,-,027-377-0296
東屋本店,群馬県高崎市通町17 ,-,027-386-2213
しらいし,群馬県高崎市問屋町西1-7-4 ,-,027-365-5868
炉端Bistro ソーレマン,群馬県高崎市八島町28-1-2 ,-,027-388-8388
松屋 高崎問屋町店,群馬県高崎市問屋町1-10-4 ,-,不明の為情報お待ちしております
米沢亭 寿限無 本店（【旧店名】美食美酒ダイニング 寿限無）,群馬県高崎市大八木町1907-4 ,-,027-370-2917
しゃぶ葉 倉賀野店,群馬県高崎市倉賀野町309-1 ,-,027-320-2189
トラットリア シュン（Trattoria SHUN）,群馬県高崎市井野町582-4 ,-,027-364-5735
えんむすび,群馬県高崎市本町33 ,-,027-323-1667
洋麺亭 榛名店（ようめんてい）,群馬県高崎市神戸町469-1 ,-,027-386-5403
景勝軒高崎総本店,群馬県高崎市飯塚町381-4 ,-,-
蒼屋,群馬県高崎市倉賀野町1643-3 ,-,070-3131-0141
更科,群馬県高崎市緑町1-1-28 ,-,027-363-2002
ほるもん高崎,群馬県高崎市貝沢町1278 ,-,027-362-6634
緑野カントリークラブ,群馬県藤岡市下日野乙239 ,-,0274-24-6111
さんたろう,群馬県高崎市通町93-16 ,-,027-321-6816
御茶菓子処　頑固堂,群馬県高崎市住吉町15-2 ,-,-
貴美庵（きみあん）,群馬県高崎市箕郷町東明屋409-4 ,-,027-371-2650
ココス 安中店,群馬県安中市原市4-3-26 ,-,027-380-5881
いっちょう 高崎中居店（いっちょう）,群馬県高崎市上中居町878-1 ,-,050-1720-5642
圓松庵,群馬県高崎市吉井町池16 ,-,027-387-4941
麺屋はる,群馬県高崎市問屋町2-7 ,-,-
金井いちご園,群馬県高崎市我峰町279-2 ,-,027-344-1077
めんぼう山本,群馬県高崎市浜川町234-5 ,-,027-344-0324
平尚庵,群馬県高崎市上並榎町293-2 ,-,027-361-0656
ボンジョルノ チャオ ペリフェリエ店（Buongiorno）,群馬県高崎市並榎町47-1 ,027-360-3200,050-5890-7357
アパホテル 高崎駅前,群馬県高崎市八島町232-8 ,-,027-326-3111
旬魚旬菜まるとび（まる飛）,群馬県高崎市通町112 ,-,027-393-6403
すき家 高崎IC店,群馬県高崎市島野町大岩966-1 ,-,非公開
蒙古タンメン中本 高崎店,群馬県高崎市上中居町327-3 ,-,-
鳥MASA（トリマサ）,群馬県高崎市貝沢町1274 ,-,027-361-3887
松島軒,群馬県高崎市若松町5-6 ,-,-
そば処いな垣,群馬県高崎市吉井町池1606-7 ,-,027-387-8578
カレー風味 すずき 高崎店,群馬県高崎市棟高町447-1 ,-,027-372-8662
lalu（ラル）,群馬県高崎市柳川町7-3 勅使川原ビル 1F,-,027-335-9770
ギュータンベロンチョ（厚切り牛タン専門店）,群馬県高崎市貝沢町747-3 ,027-395-0358,050-5456-6394
鮨 てつ也,群馬県高崎市寄合町25-1 AKATSUKI.BLD2 1F,-,050-8887-2209
珍満,群馬県高崎市本郷町1082-6 ,-,不明の為情報お待ちしております
ぶっちょうじゃん,群馬県高崎市下大島町241-2 ,-,-
オリタ焼まんじゅう店,群馬県高崎市田町108 ,-,027-323-9706
レストラン ココシエール（RESTAURANT Coco ciel）,群馬県高崎市東町3-5 ホテル ココ・グラン高崎 2F,-,027-320-7707
やきとり ささき,群馬県高崎市通町135 ,-,-
松美家,群馬県高崎市台町4-10 ,-,027-322-4863
てぃーだ,群馬県高崎市貝沢町378-1 ,-,-
おてもやん,群馬県高崎市あら町57 ,-,027-327-0525
フライングガーデン 高崎菅谷店,群馬県高崎市菅谷町1243-16 ,-,-
一蘭 前橋インター店,群馬県高崎市中尾町379-1 ,-,-
幸盛,群馬県高崎市寄合町8 ,-,027-325-4508
ふりーたいむ,群馬県高崎市八島町117-3 ,-,-
鳥こまち 高崎店,群馬県高崎市東町16 ヒルズ高崎駅前 1F,-,027-388-0358
ゆで太郎 高崎上小塙町店,群馬県高崎市上小塙町1044-2 ,-,-
スターサンジ 高崎店,群馬県高崎市飯塚町1381-2 ,-,027-386-3394
ニュータンメン,群馬県高崎市寄合町3 ,-,不明の為情報お待ちしております
ホルモン 李さん 片岡店（リサン）,群馬県高崎市片岡町3-4-3 ,-,027-324-8443
イノザキッチン,群馬県高崎市井野町692-3 ,-,027-388-8518
カラフル ファクトリー（COLORFUL FACTORY）,群馬県高崎市井野町1038-1 ,-,027-363-8205
さんぷく,群馬県高崎市嘉多町1 ,-,027-322-2920
珈琲 ぽぷら,群馬県高崎市下大島町269-1 ,-,027-329-8198
PECO家（ペコヤ）,群馬県高崎市連雀町21-1 連雀ビルA-1,-,090-8312-9912
京ヶ島天然温泉 湯都里,群馬県高崎市島野町890-3 ,-,027-350-8811
おいでやす,群馬県高崎市柳川町83 ,-,027-324-2211
吉野家 17号線下之城店,群馬県高崎市下之城町178-8 ,-,027-310-7007
ラリック,群馬県高崎市福島町711-4 ,-,-
無添くら寿司 高崎店,群馬県高崎市上大類町839-6 ,-,-
らーめん酒場 福籠 通町店（フクロウ）,群馬県高崎市通町33 1F,-,027-323-0860
博多大衆酒場幸ちゃん 高崎駅東口店,群馬県高崎市栄町17-12 ,-,050-1807-5596
串カツ田中 高崎駅西口店,群馬県高崎市八島町48-1 ,-,027-386-9001
Restaurant Olivier（オリヴィエ）,群馬県高崎市福島町726-7 ,-,027-388-0227
おいもい,群馬県高崎市高関町293-29 ,-,-
大吉庵,群馬県高崎市棟高町697-1 ,-,027-373-6699
ケンケン（KenKen）,群馬県富岡市七日市422-5 ,-,-
はま寿司 高崎上中居店,群馬県高崎市上中居189-1 ,-,0570-094-666
廣,群馬県高崎市中豊岡町816-4 ,-,不明の為情報お待ちしております
らーめんはうす成吉思汗 ナバホホワイト（ジンギスカン Navajo White）,群馬県高崎市鞘町24 ,-,027-322-6029
鮨康,群馬県高崎市下之城町145-15 ,-,027-321-5036
ふじ京,群馬県高崎市東貝沢町1-12-6 ,-,027-350-7000
珈焙屋 たまち店（こうばいや）,群馬県高崎市田町138 ,-,027-327-0796
天水龍,群馬県高崎市寄合町40 ,-,027-326-2598
ガトーフェスタ ハラダ 本館シャトー・デュ・ボヌール（GATEAU FESTA HARADA）,群馬県高崎市新町1207 ,-,0274-43-1100
イタリアン DUE（ドュエ）,群馬県高崎市北双葉町5-1 ハリスホテル １F,-,080-1325-8828
妙ちくりん 高崎新保店,群馬県高崎市日高町1071 ,-,0120-61-4339
めん処 酒家 咲はる,群馬県佐波郡玉村町下新田594 ,-,-
ガトーフェスタ ハラダ 中山道店 シャトー・デュ・ローブ（GATEAU FESTA HARADA）,群馬県高崎市新町2818 ,-,-
ポンペット（vin et Fromage Pompette）,群馬県高崎市北通町65 ,-,027-386-9845
海鮮 どんさん亭 高崎北店,群馬県高崎市飯塚町742-5 ,-,027-363-7181
Cafe&Bar nano（カフェ＆バー ナノ）,群馬県高崎市浜尻町511 サンクフルタウン 1-D,-,027-381-6466
榛名ドライブイン,群馬県高崎市上里見町5 ,-,-
ple cafe（プル カフェ）,群馬県高崎市箕郷町下芝659 ,-,027-381-8313
カフェハルナ（kafe haruna）,群馬県高崎市榛名山町157-1 ,-,080-7350-7818
福舞十兵衛（【旧店名】手打蕎麦 フジサン 福舞製麺所）,群馬県高崎市宮元町205 2F,-,080-3084-8092
スナガ（SUNAGA）,群馬県高崎市旭町21-1 ,-,027-324-3700
カサファミリア（Casa Familiar）,群馬県高崎市緑町1-5-1 ,-,027-384-8494
ニューデイズミニ 高崎24号店（NewDaysミニ）,群馬県高崎市八島町222 高崎駅 在来線コンコース,-,-
純手打蕎麦処 真人,群馬県高崎市柴崎町1666-1 ,-,027-353-4656
たこやき えびすや,群馬県高崎市鞘町39-1 ,-,090-3008-3629
四六時中 高崎オーパ店,群馬県高崎市八島町46-1 高崎オーパ 7F,-,不明の為情報お待ちしております
シャンゴ 問屋町本店,群馬県高崎市問屋町1-10-24 ,-,027-361-5269
麺屋 承太郎,群馬県高崎市岩押町7-13 ,-,-
モスバーガー 高崎並榎店,群馬県高崎市並榎町49-1 ,-,027-361-1646
くりあ,群馬県高崎市飯塚町487 タイガービル 1F,-,050-5799-2358
ばりきや源流,群馬県高崎市八島町110-27 横山ビル 1F,-,-
鶏むら 高崎モントレー店,群馬県高崎市八島町222 高崎モントレー 1F,-,027-325-6465
ナマステ 寺尾店（【旧店名】ダンニャバード）,群馬県高崎市寺尾町705-4 ,-,027-310-5075
レストラン モモ（Restaurant momo）,群馬県高崎市連雀町136 山水苑ビル ２Ｆ,-,027-324-5425
まさか,群馬県高崎市乗附町1945-1 ,-,027-326-4565
高崎青春ブタ二郎,群馬県高崎市東町7-7 内田ビル 1F,-,-
極濃湯麺 フタツメ 貝沢店,群馬県高崎市貝沢町974-1 ,-,-
隠れ家 食菜 とみざわ,群馬県高崎市西島町19-2 ,-,027-377-5451
お好み焼き むぎわら,群馬県高崎市飯玉町98-3 ,-,02-7381-6539
炭火焼肉市場 済州家 本店（チェジュヤ）,群馬県高崎市栄町12-8 ,-,027-323-6303
田所商店 高崎店（タドコロショウテン）,群馬県高崎市飯塚町5-2 ,-,-
蕎麦 ほしの,群馬県高崎市通町77 ,-,027-386-3495
日本料理 ましの,群馬県高崎市東町38-3 ,-,027-321-5225
タリーズコーヒー 高崎モントレー店（TULLY'S COFFEE）,群馬県高崎市八島町222 高崎モントレー 4F,-,-
寿司割烹 豊（【旧店名】 ゆたか寿司）,群馬県高崎市岩押町16-1 ,-,027-323-2193
平井精肉店,群馬県高崎市大橋町7-18 ,-,-
JapaneseBarKATSU（【旧店名】Choinomi KATSU）,群馬県高崎市あら町228 1F,-,027-329-5708
煮干拉麺 小烏丸,群馬県高崎市問屋町2-7 ビエント高崎 1F,-,-
ブランジェリー ももパン,群馬県高崎市江木町1612-1 ,-,027-324-5088
からあげ 焼きとり 縁 高崎東口店（エニシ）,群馬県高崎市栄町14-17 1F,-,027-310-8110
ふじや,群馬県高崎市榛名湖町185 ,-,027-374-9111
ル・ポンポネット,群馬県高崎市問屋町西2-8-10 第2中央ビル1階A,-,027-362-5441
成田鮨,群馬県高崎市本町2-155 ,-,027-322-5773
フォーの店 ハリハリ（Hari Hari）,群馬県高崎市上並榎町479-4 原人社ビル　１Ｆ,-,027-363-3240
からさき食堂,群馬県高崎市下小塙町773 ,-,027-343-0841
美な味 鮨 しんたろう,群馬県高崎市柳川町23-2 ,-,027-388-1256
喫茶ル・コワン,群馬県高崎市飯塚町472-10 ,-,-
そば仙,群馬県高崎市緑町3-17-6 ,-,-
とろり天使のわらびもち 高崎店,群馬県高崎市筑縄町66-23 ,-,不明の為情報お待ちしております
スープカレー シュガー（Soup curry Sugar）,群馬県高崎市中居町1-7-5 ,-,027-384-3813
麺屋にじ丸,群馬県高崎市島野町1044-6 ,-,不明の為情報お待ちしております
ワインバールケ,群馬県高崎市羅漢町44-1 ,-,027-333-5350
ラーメン処 そうじゃ屋,群馬県高崎市栄町1-1 LABI 1 TAKASAKI 5F,-,-
葉山一色亭（はやまいっしきてい）,群馬県高崎市鍛冶町1-15 1F,-,027-323-6178
ドーミーイン 高崎,群馬県高崎市あら町55-1 ,-,027-330-5489
赤坂屋 高崎中居店,群馬県高崎市中居町4-29-2 ,-,027-393-6822
がってん寿司 高崎下小鳥店,群馬県高崎市下小鳥町446-1 ,-,-
華龍飯店 高崎モントレー店,群馬県高崎市八島町222 高崎モントレー 5F レストラン街,-,-
馳走 なか川,群馬県高崎市和田町12-3 ,-,027-325-0728
お食事処 大将,群馬県高崎市上大類町959-2 ,-,-
幸屋きよまる,群馬県高崎市新町2270-11 ,-,0274-42-5022
ゲンセンソザイ商店 プーレ イスウ（Poulet iSuu）,群馬県高崎市飯塚町381-1 ,-,027-362-5339
パン工房　リヨンつむぎ,群馬県高崎市小八木町1607-2 ,-,027-393-6561
景気屋笑売ウエイブ 本店（ケーキ屋ショウバイ）,群馬県高崎市通町52 ,-,027-327-8556
丁子堂 房右衛門,群馬県高崎市倉賀野町2006 ,-,027-346-2321
おかず屋 アチチ（a.chi.chi）,群馬県高崎市貝沢町464 ,-,027-361-3308
和進,群馬県高崎市新町2507-10 ,-,0274-42-3324
ふれあいの里 吉井物産センター,群馬県高崎市吉井町池1944-4 ,-,027-388-3600
東横INN 高崎駅西口2（トウヨコイン）,群馬県高崎市鶴見町2-2 ,-,027-323-1045
鮨　つかさ,群馬県高崎市真町51-1 レジェンド高崎　1F,-,027-326-7334
ほか弁 日本亭 高崎競馬場通り店,群馬県高崎市北双葉町9-16 ,-,027-327-1172
ジンギスカン ひつじの丘 高崎店,群馬県高崎市貝沢町1274 ,-,027-370-1229
麒麟ビヤホール（キリンビヤホール）,群馬県高崎市砂賀町47 ,-,027-328-5903
ラターブルドゥシュエット,群馬県高崎市江木町1471-2 セピアパレス 1F,-,0273-86-6752
酔月亭,群馬県高崎市檜物町114 ,-,027-327-9311
シャンゴ 問屋町支店,群馬県高崎市問屋町1-11-8 ,-,027-363-1811
駅そば 八起家 高崎店（やおきや）,群馬県高崎市栄町1-25 JR高崎駅 新幹線のりかえ口改札,-,-
山木屋,群馬県高崎市下室田町1113 ,-,-
餃子の王将 高前バイパス店,群馬県高崎市小八木町1665-1 ,-,-
まほろば,群馬県佐波郡玉村町上飯島387-8 ,-,0270-64-0087
タイ料理　サイアム,群馬県高崎市片岡町3-4-1 ,-,027-321-9775
角上魚類 高崎店,群馬県高崎市貝沢町1335-1 ,-,027-353-1114
パティスリーリアン,群馬県高崎市問屋町2-3-7 ,-,027-360-3131
果実工房 ありさか,群馬県高崎市大沢町227-1 ,-,027-386-4382
るぅ～,群馬県高崎市石原町4177 ,-,027-324-8867
warmth（ウォームス）,群馬県高崎市通町69 ,-,-
エスト,群馬県高崎市上並榎町479-3 ,-,027-363-0295
しみず屋,群馬県高崎市吉井町長根1819-1 ,-,-
郷華,群馬県高崎市吉井町本郷56-7 ,-,027-387-9778
木いちご,群馬県高崎市小八木町871 ,-,027-364-4112
幸楽苑 群馬町店,群馬県高崎市中泉町629-1 ,-,027-373-6152
中むら,群馬県高崎市宮元町38-11 ,-,027-326-4127
ラッキー食堂 ぐんま軒,群馬県高崎市八島町222 イーサイト高崎 1F,-,-
柴楽,群馬県高崎市田町72 ,-,080-3605-3133
高崎酒場,群馬県高崎市栄町6-42 ,-,027-315-8883
魚健 本店,群馬県高崎市吉井町塩川48-1 ,-,027-387-2120
ころむす,群馬県高崎市石原町3267-1 ,-,027-327-0124
福ベーグル モントレー店,群馬県高崎市八島町222 高崎モントレー 1F,-,027-329-6317
田町酒場 鶏八,群馬県高崎市田町25 ,-,027-388-1636
中華蕎麦 鳴神食堂,群馬県高崎市中泉町142-1 ,-,不明の為情報お待ちしております
ロビンソン,群馬県高崎市倉賀野町5382-7 ,-,027-347-4077
ゴーゴーカレー 高崎飯塚スタジアム,群馬県高崎市飯塚町367-1 SHOビル 1F,-,-
かつや 高崎問屋町店,群馬県高崎市問屋町1-10-6 ,-,027-384-4143
ガトーフェスタ ハラダ イーサイト高崎店（GATEAU FESTA HARADA）,群馬県高崎市八島町222 イーサイト高崎 2F 群馬いろは内,-,-
ココフワット（Cocofuwat）,群馬県高崎市綿貫町128-9 ,-,027-335-6353
草木万里野 高崎店（クサキマリノ）,群馬県高崎市上小塙町849 ,-,-
プランタン,群馬県高崎市片岡町3-24-1 ,-,027-323-3410
ラのロ,群馬県高崎市羅漢町22-2 ,-,-
餃子の王将 高崎中泉店,群馬県高崎市中泉町629-6 ,-,027-384-2889
M'z cafe（エムズカフェ）,群馬県高崎市栄町17-14 1F,-,027-325-1378
十兵衛,群馬県佐波郡玉村町角渕4401-7 ,-,0270-65-8063
やきめし屋 植竹,群馬県高崎市飯塚町743-8 ,-,-
高崎ワインバール,群馬県高崎市八島町29 TWINSビル1F,-,027-388-9730
安楽亭 高崎貝沢,群馬県高崎市貝沢町471-7 ,-,027-364-2912
デニーズ 高崎大八木店（Denny's）,群馬県高崎市問屋町西1-11-9 ,-,080-3438-1662
凡味 そばきり,群馬県高崎市問屋町西1-8-6 ,-,-
イザナイ（IZANAI）,群馬県高崎市八島町19 ,-,027-325-5282
べじたぶるkitchen　イロドリ,群馬県佐波郡玉村町板井832-6 ,-,0270-75-2676
酒と肴 トナリの笑多,群馬県高崎市田町30-1 ,-,不明の為情報お待ちしております
らーめん たん二郎,群馬県高崎市綿貫町782-11 ,-,不明の為情報お待ちしております
吉井カントリークラブ レストラン,群馬県高崎市吉井町下奥平554 ,-,027-388-5350
よいどころ 千福,群馬県高崎市新紺屋町2 ,-,027-333-6814
ホルモン さわ 石原店,群馬県高崎市石原町3227 ,-,027-386-5223
たんとん亭,群馬県高崎市中居町2-1-14 ,-,027-352-5537
海皇,群馬県高崎市下小鳥町73-10 ,-,-
フジビタイ（富士額）,群馬県高崎市本町2-1 ,-,070-1479-5723
菊一,群馬県高崎市新町3172 ,-,0274-42-7918
台湾料理 隆福園（タイワンリョウリ リュウフクエン）,群馬県高崎市新町1415-4 ,-,0274-42-3515
十八番,群馬県高崎市下小鳥町145-1 ,-,027-361-8570
喉越しの蕎麦晴朗,群馬県高崎市棟高町1802-17 ,-,-
ポイント（point）,群馬県高崎市砂賀町32-3 ,-,-
八番山 ばりきや 高崎店,群馬県高崎市問屋町1-6-13 ,-,-
今万人珈琲 前橋インター店（イマジンコーヒー）,群馬県高崎市中尾町1401-1 ,-,027-212-8107
もぎたて完熟屋,群馬県高崎市本町8 ,-,027-325-7525
まつしま肉店,群馬県高崎市新町2665 ,-,0274-42-8700
ヤマワラウ,群馬県高崎市若松町2-11 ,-,027-381-5028
口福堂 イオンモール高崎店,群馬県高崎市棟高町1400 イオンモール高崎 1F,-,027-310-0180
居酒屋 十八番（OHAKO）,群馬県高崎市東町158-3 ,-,027-327-2989
炭火焼肉ぎょうてん 高崎店,群馬県高崎市高関町455-1 ,-,027-323-2786
登利平 高崎西支店,群馬県高崎市片岡町2-5-10 ,-,027-322-6188
ホテルルートイン 高崎駅西口（HOTEL ROUTE INN）,群馬県高崎市旭町128-4 ,-,027-327-1011
そば処　いち川,群馬県高崎市剣崎町1185-5 ,-,-
フライングガーデン 高崎上小塙店,群馬県高崎市上小塙町1007 ,-,-
CoCo壱番屋 高崎倉賀野店（ココイチバンヤ）,群馬県高崎市倉賀野町4676-4 ,-,027-347-4481
リラダン（Lisle-Adam）,群馬県高崎市上大類町876-9 ,-,027-325-0020
ゆで太郎 高崎上中居町店,群馬県高崎市上中居町176-1 ,-,-
パティスリーアトリエシュシュ（PATISSERIE ATELIER CHOUCHOU）,群馬県高崎市台町8 ,-,027-335-6406
Potoro（ポトロ）,群馬県高崎市通町64 2F,080-1093-5316,050-5869-8238
ピクルス 双葉町店,群馬県高崎市双葉町11-11 ,-,027-327-3917
イフ 高崎店（iF）,群馬県高崎市宮原町4番地 ,-,-
東横INN  高崎駅西口1（東横イン）,群馬県高崎市鶴見町2-2 ,-,027-324-1045
新玉村ゴルフ場,群馬県佐波郡玉村町大字川井1065-1 ,-,0270-65-8802
ステーキガスト 高崎問屋町店,群馬県高崎市問屋町4-8-15 ,-,027-360-3374
和 高しま,群馬県高崎市通町131 ,-,027-384-3765
モミの木（モミノキ）,群馬県高崎市新保町29 ,-,-
鉄板焼ステーキ＆海鮮　ぶりっく（【旧店名】ステーキハウス・ブリック）,群馬県高崎市八千代町2-2-1 ,-,-
らーめんキッチン こころ,群馬県高崎市綿貫町785-4 ,-,-
灯り屋（アカリヤ）,群馬県高崎市椿町41 ,-,027-388-1298
鳥放題 高崎駅前店（トリホウダイ）,群馬県高崎市八島町62 松栄堂ビル 3F,-,027-386-9768
Bar Coco Ciel（ココシエール）,群馬県高崎市東町3-5 ホテルココグラン高崎 2F,-,090-1731-4325
味処 つかさ（あじどころ つかさ）,群馬県高崎市貝沢町1397-1 ,-,027-364-4157
room's（ルームス）,群馬県高崎市鞘町1 ,-,027-324-7272
ピッチ,群馬県高崎市旭町33 NODE33ビル ２F,-,027-386-6185
台湾料理福味居（タイワンリョウリ フウミ）,群馬県高崎市倉賀野町49-4 ,-,027-347-2003
甘縁房（あまえんぼ）,群馬県高崎市鞘町83 ,-,027-326-2788
そば処 梅の花,群馬県高崎市栄町25-2 ,-,027-327-4178
うかい亭 一花（うかいてい いちげ）,群馬県高崎市緑町1-27-6 ,-,-
麺屋 桜木（【旧店名】麺処蒼生）,群馬県高崎市下小鳥町88-11 シェイプエル105,-,-
魚べい 飯塚店,群馬県高崎市飯塚町44-1 ,-,-
麺屋 武嗣,群馬県高崎市新町2727-5 ,-,-
L'atelier it。（ラトリエ イット）,群馬県高崎市栄町15-15 NOAマンション 1F,-,-
オステリア トレンタセイ（OSTERIA 36）,群馬県高崎市下中居町238-8 ,-,027-381-8299
茶楽人（ちゃらくじ）,群馬県高崎市上並榎町319-1 ,-,027-363-0368
ガスライト（Gaslight）,群馬県高崎市八島町70 高崎ワシントンホテルプラザ ラ・メルセビル 12F,-,027-324-2602
二代目 だるま 本店,群馬県高崎市八千代町1-17-8 八千代ビル 1F,-,070-8339-6001
支那そば　まるこう,群馬県高崎市高関町289 ,027-388-1233,-
そば処 あらいや,群馬県高崎市下小塙町1053 ,-,-
ひさや,群馬県高崎市新保町1054-4 ,-,027-363-9899
可楽,群馬県高崎市あら町6-20 ,-,027-325-2608
きゃらばん,群馬県高崎市昭和町209 ,-,-
21時にアイス 高崎駅西口店,群馬県高崎市旭町40-2 レマンビル 1F,-,-
しみづ食堂,群馬県高崎市下和田町1-2-1 ,-,-
ROYAL CURRY 高崎店（ロイヤルカリー）,群馬県高崎市大八木町622-1 ビバホーム高崎店内,-,-
バーミヤン 高崎高関店,群馬県高崎市高関町273-1 ,-,-
とうふ料理 松邑（まつむら）,群馬県高崎市南大類町570 ,-,027-352-0051
ハッピー バーグ 高崎倉賀野店（Happy Burg）,群馬県高崎市倉賀野町2675-1 ,-,027-387-0925
四川料理 江湖（コウコ）,群馬県高崎市倉賀野町5394-1 ,-,027-346-8658
中華そば GO.TO.KU 仁（ゴ.ト.ク ジン）,群馬県藤岡市下戸塚477-4 ,-,-
ザグッドベアーバーガー,群馬県高崎市貝沢町740-1 パリスコート 102,027-362-6777,-
焼肉 炭こう（YAKINIKU SUMIKO）,群馬県高崎市下和田町4-5-13 ,027-315-0088,050-5595-7499
そば 滋雲,群馬県高崎市片岡町2-17-14 ,-,027-325-3356
FAUCHON 高崎高島屋店（フォション）,群馬県高崎市旭町45 高崎タカシマヤ B1F,-,027-327-1111
セントラルホテル高崎,群馬県高崎市八島町14-8 ,-,027-321-7000
野ノ花,群馬県高崎市井野町995-15 ,-,027-386-8899
レストランラ・リューシュ（Ｌａ Ｒｕｃｈｅ）,群馬県高崎市上豊岡町555-7 ,-,027-326-8382
ピッコリーノ,群馬県高崎市山名町1579-4 ,-,027-346-1767
香雅,群馬県高崎市新町2159-9 ,-,-
魚仲,群馬県高崎市九蔵町17 ,-,027-322-2428
朝鮮飯店 高崎駅西口店,群馬県高崎市八島町24 ,-,027-327-3360
ムアンタイ,群馬県高崎市栄町26-25 ,-,027-323-8821
おおぎやラーメン 群馬町店,群馬県高崎市三ツ寺町1197-1 ,-,027-373-0463
RinRen（【旧店名】ギミー パスタ）,群馬県高崎市新紺屋町16-1 西棟 A,-,027-387-0569
みるく工房タンポポ 群馬八幡駅前直売店（tanpopo）,群馬県高崎市剣崎町201-15 ,-,027-343-0505
ぐんま ハーブ レストラン＆バー,群馬県高崎市八千代町4-13-9 ,-,027-333-9446
和食 爨（Kashigi）,群馬県高崎市羅漢町18-1 チェルキオ羅漢 1F,-,027-381-8891
シャンゴ 倉賀野バイパス店,群馬県高崎市下之城町177-9 ,-,-
ＣｏＣｏ壱番屋 高崎筑縄店（ココイチバンヤ）,群馬県高崎市筑縄町50-7 ,-,027-370-2578
ウドンのな  高崎OPA店,群馬県高崎市八島町46-1 高崎オーパ 7F,-,027-388-1130
ガスト 高崎駅西口店,群馬県高崎市あら町43-4 ,-,-
ガンベロッソ（Gambero Rosso）,群馬県高崎市中泉町622-23 ,-,027-350-3060
OLIVE（オリーブ）,群馬県高崎市井野町83-23 ,-,027-361-0444
スパゲッティーのパンチョ 高崎店,群馬県高崎市上大類町809-1 ,-,027-384-8220
みつ味（みつみ）,群馬県高崎市吉井町長根1854 ,-,027-387-6942
竜庵,群馬県高崎市下小塙町1419-1 ,-,027-344-3400
葡萄屋,群馬県高崎市貝沢町1066-10 ,-,027-362-4499
鰻の成瀬 高崎下小鳥店,群馬県高崎市下小鳥町67-10 ,-,080-8164-0590
ホテルグランビュー高崎,群馬県高崎市柳川町70 ,-,027-322-1111
コーヒー ポート ハイム（COFFEE PORT heim）,群馬県高崎市田町73 ,-,-
メロン・ドゥ・メロン 高崎店（Melon de melon）,群馬県高崎市連雀町132 はあぽビル 1F,-,027-386-8747
セレンディップ,群馬県高崎市島野町1093-1 ,-,027-386-5526
中華そば こましょう,群馬県高崎市田町75-2 ,-,-
王神,群馬県高崎市飯塚町154-1 ,-,-
Rossa（ロッサ）,群馬県高崎市連雀町7-2 エンザビル 2F,-,027-321-6292
はっかい高崎モントレービアガーデン,群馬県高崎市八島町222 ,-,不明の為情報お待ちしております
高崎アーバンホテル,群馬県高崎市八島町58-1 ,-,027-322-0111
フロマージェリー・モンテ・ドラーゴ（DORAGO）,群馬県高崎市江木町1471-2 ,-,027-327-8665
はっかい串（ハッカイグシ）,群馬県高崎市八島町58-1 ,-,027-381-8650
ラーメン伝次平,群馬県高崎市飯塚町1124 ,-,-
ホルモンさわ 中央銀座店,群馬県高崎市寄合町25-9 ,-,027-322-4766
プチール 矢中町店,群馬県高崎市矢中町182-1 ,-,027-347-1502
安兵衛,群馬県高崎市あら町41-1 ,-,027-322-3445
REGOLITH（レゴリス）,群馬県高崎市鞘町62-2 1F,-,不明の為情報お待ちしております
藤花庵,群馬県高崎市上豊岡町351 ,-,027-327-8005
居酒屋 遊膳 美花月（イザカヤ ユウゼン ミカズキ）,群馬県高崎市通町90-13 クロサワビル 1F,-,027-384-4680
高田飯店,群馬県高崎市下大類町725 ,-,027-352-2547
そばはや,群馬県高崎市問屋町1-11-33 ,-,027-363-6160
朋よし,群馬県高崎市吉井町長根1853-4 ,-,027-387-9855
手打ちそば　梅田屋,群馬県高崎市綿貫町455-5 ,-,027-347-2302
新時代 高崎東口店,群馬県高崎市栄町14-1 高崎イースト・センタービル 1F,-,027-388-1698
マクドナルド 倉賀野西店（Mcdonalds）,群馬県高崎市倉賀野町字下新堀392-1 ,-,-
蕎麦処 もりや,群馬県高崎市通町141-6 ,-,-
RUI CAFE（ルイ カフェ）,群馬県高崎市上大類町694-3 ,-,027-368-1324
田舎や,群馬県高崎市菊地町157-7 ,-,027-343-8548
かつ哲 中居店  （かつてつ）,群馬県高崎市中居町1-6-1 ,-,027-352-3464
炭火焼鳥の店 巣の鳥 高崎駅西口店,群馬県高崎市八島町24 ウエスト・アロービル 1F,-,027-384-4456
日高屋 高崎緑町店,群馬県高崎市緑町4-11-4 ,-,027-331-9243
ほるもん　やきにく　はな,群馬県高崎市連雀町55-5 山水苑ビル1F,-,027-327-2752
スワンナプーム,群馬県高崎市八千代町1-17-8 八千代ビル,-,080-6622-3773
中華居酒屋 龍翔,群馬県高崎市八島町275 ,-,027-386-3199
ケンタッキーフライドチキン 高崎OPA店,群馬県高崎市八島町46-1 ,-,027-310-1603
cafe & BAR ESSENCE（カフェ＆バー　エッセンス）,群馬県高崎市通町34 イッコウビル　1F,-,027-324-5755
このえパン,群馬県高崎市本町117 ,-,-
エムズ カレント（M's cafe Current）,群馬県高崎市あら町89 ,-,027-324-0088
華龍飯店 高崎江木店（カリュウハンテン）,群馬県高崎市江木町332-3 ,-,027-328-7922
らーめん・ぎょーざ たつき,群馬県高崎市金古町2375 ,-,-
スイーツ&バー ザ フォース（SWEETS&BAR THE4TH）,群馬県高崎市連雀町104 スズメビルヂング 1F,-,不明の為情報お待ちしております
麺処 たまりや,群馬県高崎市福島町802-6 ,-,-
珈琲哲學 緑町店（珈琲哲学 コーヒーテツガク）,群馬県高崎市緑町1-29-10 ,-,027-370-6300
がブリチキン。 高崎駅前店,群馬県高崎市砂賀町93 東光堂ビル 1F,-,027-327-0538
ジョイフル 群馬玉村店（Joyfull）,群馬県佐波郡玉村町大字下新田504-1 ,-,0270-50-1177
ゆうき,群馬県高崎市柳川町22 ,-,027-326-9984
天婦羅割烹 芳村（よしむら）,群馬県高崎市飯塚町1543-14 ,-,027-364-4656
榛名温泉ゆうすげ元湯内レストランはるな,群馬県高崎市榛名湖町846-3 ,-,027-374-9211
リンツ ショコラ ブティック＆カフェ 高崎オーパ店,群馬県高崎市八島町46-1 高崎オーパ 2F,-,-
銘品館,群馬県高崎市八島町222 ,-,027-327-7277
八幡庵,群馬県安中市板鼻14-9 ,-,-
どさん子大将  高崎店,群馬県高崎市緑町1-1-22 ,-,027-361-0892
ピッツェリア　デラチッタ（PIZZERIA Della Citta ）,群馬県高崎市新保町35-1 ,-,027-381-8051
大勝園,群馬県高崎市新町2436-18 ,-,0274-42-2510
タゴスタジオタカサキ（TAGO STUDIO TAKASAKI）,群馬県高崎市あら町5-3 石井マンション 2F,-,-
もつ鍋わっか,群馬県高崎市飯塚町1224-1 ,-,027-363-2331
スウィートバジル 群馬町店（イタリアンレストラン　スウィートバジル　群馬町店）,群馬県高崎市菅谷町20-234 ドンキーハウス　１Ｆ,-,027-372-5768
銀座（ギンザ）,群馬県高崎市八島町70 高崎ワシントンホテルプラザ ラ・メルセビル 12F,-,027-324-2603
米沢亭 はなれ,群馬県高崎市上中居町45-1 ,-,027-326-9987
星乃珈琲店 高崎上大類店（ホシノコーヒーテン）,群馬県高崎市上大類町842-1 ,-,-
ホテルワンツースリー 高崎（ホテル1-2-3）,群馬県高崎市栄町2-23 ,-,027-321-0123
登利平 イーサイト高崎店,群馬県高崎市八島町222 イーサイト高崎 2F,-,027-381-5454
FAT DAY（ファット デイ）,群馬県高崎市緑町2-1-8 ,-,027-386-2577
マクドナルド 玉村とりせん店（McDonald's）,群馬県佐波郡玉村町飯島280 ,-,0270-50-1130
Royal Curry（ロイヤル カリー）,群馬県高崎市檜物町157 ,-,027-395-0718
プラリネ 小鳥店（Boulangerie Praline）,群馬県高崎市下小鳥町67-5 ,-,027-363-8258
暮らす和食 のぼる,群馬県高崎市通町77 ワシントンビル 1F西,-,027-388-0288
寺田精肉店 本店,群馬県高崎市鍛冶町35 ,-,027-322-5979
五十番,群馬県高崎市石原町505-8 ,-,027-323-9842
お昼と夜し（おひとよし）,群馬県高崎市西島町56-3 ,-,027-315-8611
田舎料理しおん,群馬県高崎市八島町222 高崎モントレー 5F,-,027-327-8388
ナチュレルマン（Ｎａｔｕｒｅｌｌｅｍｅｎｔ）,群馬県高崎市金古町2340-5 ,-,027-329-6819
倉渕川浦温泉 はまゆう山荘,群馬県高崎市倉渕町川浦27-80 ,-,-
そば芳,群馬県高崎市通町90-13 黒沢ビル 1F,-,0273-86-3615
コタマブルワリー,群馬県高崎市本町117-3 ,-,-
おしお,群馬県高崎市問屋町西1-7-1 ,-,027-364-2580
リングロード（Ring Road）,群馬県高崎市筑縄町47-10 ,-,027-395-4264
八兵衛,群馬県高崎市旭町21-1 平和パーク 1F,-,027-386-2096
エーピージー カフェ（APZ cafe）,群馬県高崎市南大類町993-2 ,-,-
鈴与し,群馬県高崎市鶴見町11-1 ,-,027-322-4855
角田製菓　高崎インター店,群馬県高崎市西島町92-2 ,-,027-352-2141
麺八,群馬県高崎市矢中町668-1 ,-,-
やきとり 清水,群馬県高崎市連雀町11-2 ,-,027-388-9129
旬菜料理 秀（ヒデ）,群馬県高崎市下室田1505-1 ,-,090-4942-6021
高崎カレーム 本店（CAREME）,群馬県高崎市上並榎町1134-1 ,-,027-362-8672
ビストロ ショコラ（Bistro Chocolat）,群馬県高崎市鞘町59-2 ,-,027-325-6685
水沢うどん 水香苑 高崎モントレー店,群馬県高崎市八島町222 高崎モントレー 5F,-,027-386-6234
炭焼き成吉思汗 いし田（いしだ）,群馬県高崎市中紺屋町23-1 ,090-8518-5577,050-5596-2048
Bonheur 高崎健康管理センター,群馬県高崎市矢中町188 ３階,-,027-352-1111
麺蔵 高崎問屋町店（MENZO）,群馬県高崎市緑町4-2-2 ,-,027-386-8998
KETTLE,群馬県高崎市上並榎町271-5 ,-,027-368-2759
峠の釜めし おぎのや 高崎売店（荻野屋）,群馬県高崎市島野町987 ,-,-
AQUA Table（アクアテーブル）,群馬県高崎市飯塚町381-2 ,-,027-384-3117
バー・グレンキース（Bar Glen keith）,群馬県高崎市八島町20 淡路ビル 203,-,-
はんばーぐの森,群馬県高崎市下小鳥町409-1 ,-,027-329-6042
竜の髭 ramen-labo,群馬県高崎市新保町1566-2 ,-,-
ブーランジェリー サイ（Boulangerie Sai）,群馬県高崎市和田多中町398-2 ,-,027-335-6161
でいたらぼっち,群馬県高崎市柴崎町622-3 ,-,-
三和食堂,群馬県佐波郡玉村町上飯島260 ,-,0270-65-2370
食亭つかさ,群馬県高崎市足門町836 ,-,027-373-0295
みのや,群馬県安中市板鼻120-1 ,-,027-381-1615
まる兵ラーメン 高崎店,群馬県高崎市檜物町152-1 ,-,-
キッチン あまとり,群馬県高崎市通町87-2 ,-,080-9551-8987
ブロート,群馬県佐波郡玉村町下新田226-2 ,-,0270-65-2768
びっくりドンキー 高崎店（びっくりドンキー　高崎店）,群馬県高崎市上大類町876-1 ,-,027-345-7500
今万人珈琲   高崎本店,群馬県高崎市緑町1-28-7 ,-,027-381-5130
旬菜・お蕎麦　樹庵（じゅあん）,群馬県高崎市西島町402-1 ,-,027-386-2403
上州大判焼 えん,群馬県高崎市大八木町622-1 スーパービバホーム高崎(フードコート内),-,027-362-6060
酒処　肴,群馬県高崎市中紺屋町23 ,-,027-328-6623
SO（ソ）,群馬県高崎市下小鳥町66-12 ,-,027-395-0825
築地寿司岩 高崎高島屋店（つきじすしいわ）,群馬県高崎市旭町45 高崎タカシマヤ,-,027-325-9772
萬年家（まんねんや）,群馬県高崎市下室田町1103 ,-,027-374-0042
牧野酒造,群馬県高崎市倉渕町権田2625-1 ,-,027-378-2011
喫茶コンパル,群馬県高崎市鞘町62 ,-,-
おもてなし処 小栗（オグリ）,群馬県高崎市倉渕町三ノ倉296-1 道の駅 くらぶち小栗の里 1F,-,027-384-8282
麺処 湊生,群馬県高崎市八島町32-7 三笠第三ビル 1F,-,-
吉野家 高崎上大類町店,群馬県高崎市上大類町1018 ,-,-
シュヴァイン（Beckerei & Konditorei Schwein）,群馬県高崎市中居町1-7-5 ,-,027-353-8575
登利平 高崎モントレー店（トリヘイ）,群馬県高崎市八島町222 高崎モントレー 5F レストラン街,-,-
もつ次郎 高崎上中居町店,群馬県高崎市上中居町176-1 ,-,-
海鮮どんさん亭 高崎店,群馬県高崎市貝沢町359-1 ,-,027-365-2261
茶蔵坊 高崎日高店（サクランボウ）,群馬県高崎市日高町437-1 ,-,027-386-2532
そばっ喰ひ（ソバックイ）,群馬県高崎市石原町2471 ,-,027-325-0670
海鮮ダイニング美喜仁館 高崎店（カイセンダイニング ビキニカン）,群馬県高崎市貝沢町1273-1 ,-,027-364-3377
和膳 八ひろ,群馬県高崎市連雀町138 FACE-Rビル 2F,-,027-395-4736
手打ちうどん　いま井や,群馬県藤岡市上大塚1425 ,-,不明の為情報お待ちしております
シアター カフェ レストラン（Theater CAFE&RESTAURANT）,群馬県高崎市栄町9-1 ,-,027-328-2019
中華蕎麦 おかむ（【旧店名】麺屋 まさき）,群馬県高崎市昭和町3-1 シャルマンコーポ高崎 1F,-,-
丸晴,群馬県高崎市下室田町876 ,-,-
角田製菓 本店（つのだせいか）,群馬県高崎市大沢町231-8 ,-,027-353-6006
セゾン・ド・はるな,群馬県高崎市榛名湖町847 ホテル＆レストラン　セゾン・ド・はるな,-,027-374-9611
焼肉 手打ちそば 栄養亭,群馬県高崎市倉賀野町2875 ,-,027-346-6100
ボンパパ（Boulangerie Bon PAPA）,群馬県高崎市上並榎町114-2 ,-,027-363-0143
チャイニーズファン 高崎タカシマヤ店,群馬県高崎市旭町45 高崎タカシマヤ 6F,-,027-321-7576
セレンディップ イーサイト高崎店（Serendip）,群馬県高崎市八島町222 イーサイト高崎 2F,-,-
フード ボート 高崎オーパ店（FOOD BOAT）,群馬県高崎市八島町46-1 高崎オーパ 7F,-,-
ラーショマルミャー 高崎店,群馬県高崎市上豊岡町875-1 ,-,-
ファーマーズエッグキッチン 高崎店（farmers egg kitchen）,群馬県高崎市八島町46-1 高崎オーパ 7F,-,027-386-9890
アオラキカフェ（AORAKI CAFE）,群馬県高崎市和田町10-9 ,-,-
中華ダイニング 海菜楼,群馬県高崎市貝沢町1185-3 ,-,027-315-1400
すき家 群馬吉井町店,群馬県高崎市吉井町池46-4 ,-,非公開
手打ちうどん フジサン 福舞製麺所,群馬県高崎市宮元町205 ザウルスワンビル1階,-,-
マガッヅィーノ,群馬県高崎市問屋町4-7-1 ,-,027-364-1447
マクドナルド 17号高崎店（McDONALD'S）,群馬県高崎市緑町1-1-16 ,-,027-363-1031
コメダ珈琲店 高崎飯塚店,群馬県高崎市飯塚町439-1 ,-,027-388-9280
関越ハイランドゴルフクラブ,群馬県高崎市吉井町長根2718 ,-,027-387-4521
本坊,群馬県高崎市榛名山町183 ,-,027-374-9048
馳走CO-JIRO（コジロウ）,群馬県高崎市八千代町1-12-5 仲沢ビル 1F,-,027-384-3874
CAFE 紅うさぎ（カフェ ベニウサギ）,群馬県高崎市相生町20 ,-,027-386-8691
生そば　かわぐち（大高麺類組合）,群馬県高崎市並榎町91-7 ,-,027-361-5454
ラプス,群馬県高崎市吉井町池41 ,-,027-387-4047
ロマンス亭,群馬県高崎市榛名湖町848 ,-,027-374-9217
ミリオン洋菓子店 倉賀野店,群馬県高崎市倉賀野町908 ,-,027-320-2686
一期一会,群馬県高崎市吉井町池2062-1 ,-,-
たこ顔　 高崎矢中店,群馬県高崎市矢中町634-1 ,-,027-347-1914
魅惑の白米,群馬県高崎市吉井町吉井547-3 ,-,027-388-0368
御食事処 颯（SOU）,群馬県高崎市吉井町吉井川647-1 ,-,070-1290-0801
松屋 高崎下之城店,群馬県高崎市下之城町177-4 ,-,-
萬来軒別館,群馬県高崎市請地町13 ,-,027-322-4686
ザ ジョージアンハウス カフェ 高崎タカシマヤ店（THE GEORGIAN HOUSE CAFE）,群馬県高崎市旭町45 高崎タカシマヤ 2F,-,027-327-1111
ビービーミツリット（Bee-Beemitsuritto）,群馬県高崎市片岡町3-2228 ,-,027-322-7579
孝鮨  （こうずし）,群馬県高崎市高関町377-6 ,-,027-324-0769
富意家（トミイヤ）,群馬県高崎市飯塚町41-8 ,-,-
まちかどベーカリー（MACHIKADO BAKERY）,群馬県高崎市福島町740-3 ,-,027-386-9522
RED！MONSTER 高崎店（レッドモンスター）,群馬県高崎市問屋町1-11-30 ,-,027-370-6000
やたい家,群馬県高崎市通町63 ,-,027-321-3882
焼肉 恵比寿,群馬県高崎市南町9-14 ,-,090-2226-2442
三千代,群馬県高崎市箕郷町生原1226-1 ,-,027-371-5058
茶々,群馬県高崎市鶴見町5-1 ,-,027-322-2070
イオンスタイル 高崎駅前（AEON STYLE）,群馬県高崎市八島町46-1 高崎オーパ 1F,-,-
Lemonade BY Lemonica 高崎opa店,群馬県高崎市八島町46-1 高崎オーパ 7F,-,-
福ベーグル 高崎店,群馬県高崎市中居町1-7-4 ,-,-
デルムンド,群馬県高崎市通町141-3 ,-,-
はらっぱ 高崎駅東口店,群馬県高崎市栄町14-4 ,-,-
朝鮮飯店 高崎東口店,群馬県高崎市東町9-4 ,-,027-328-2983
ジュッテンニイサン,群馬県高崎市通町138-1-3 ,-,不明の為情報お待ちしております
シャトレーゼ 高崎貝沢店,群馬県高崎市貝沢町1427-1 ,-,027-370-4088
信州そば処 そじ坊 高崎モントレー店,群馬県高崎市八島町222 高崎モントレー 5F レストラン街,-,027-310-2070
グリル ねんりん,群馬県高崎市飯塚町409-2 ,-,-
移転割烹のり弁 はれとけ移転前の店舗情報です。新しい店舗は割烹のり弁 はれとけをご参照ください。,群馬県高崎市貝沢町599-1 ,-,-
利伸,群馬県高崎市正観寺町320-3 ,-,-
東池袋 大勝軒 高崎吉井店,群馬県高崎市吉井町池1567-1 ,-,-
はま寿司 高崎問屋町店,群馬県高崎市問屋町1-10-20 ,-,-
本格焼酎バー おかだ家（オカダヤ）,群馬県高崎市あら町57 ,-,027-322-5110
セブンイレブン 高崎駅東口店,群馬県高崎市栄町16-11 ,-,-
タリーズコーヒー ウニクス高崎店,群馬県高崎市飯塚町1150-5 ,-,不明の為情報お待ちしております
鶏白湯泡ramen たまき（トリパイタンアワラーメン タマキ）,群馬県高崎市砂賀町24-1 ,-,-
伊東屋珈琲 高崎店,群馬県高崎市本町120 ,-,-
一合舎,群馬県高崎市棟高町717-1 ,-,-
La Piece（ラピエス）,群馬県高崎市田町119-1 シティハイム田町 1F,-,027-335-6668
マクドナルド 東高崎店,群馬県高崎市上大類町931 ,-,027-353-3528
吉野家 高崎飯塚町店,群馬県高崎市飯塚町475-1 ,-,027-370-8066
旬庭 陽ぐらし,群馬県高崎市あら町222 ,-,027-386-3755
天ぷら 剣崎,群馬県高崎市剣崎町233-3 ,-,-
希望の丘,群馬県高崎市鼻高町1523-1 ,-,027-386-3081
鰻の成瀬 高崎店,群馬県高崎市東町69-6 ,-,080-7730-4919
しゃぶ葉 群馬町店,群馬県高崎市中泉町531 ,-,-
山岡家 高崎西店（やまおかや）,群馬県安中市板鼻80-1 ,-,-
ひょうたん山,群馬県高崎市寄合町10 ,-,027-325-8831
みやもと,群馬県高崎市榛名山町181 ,-,027-374-9555
麺家 おとみ,群馬県高崎市中居町4-7-5 ,-,-
リボルノ,群馬県高崎市貝沢町1250-1 ,-,027-362-7700
えびす弁当,群馬県高崎市石原町3946-2 ,-,027-326-1758
パリジャン（Parisien）,群馬県高崎市吉井町矢田126-1 ,-,027-387-6753
はたお商店,群馬県高崎市棟高町1675-253 ,-,-
いとをかし。,群馬県高崎市連雀町122 ,-,027-388-0126
やきとりひろしの店　結,群馬県高崎市通町143-6 ,-,027-321-4811
みくに食堂,群馬県高崎市棟高町511-1 ,-,-
壱丁目壱番地北の駅 高崎店,群馬県高崎市大橋町48-1 ,-,-
炉 さかいの,群馬県高崎市上通町64 ,-,027-324-6166
トラットリア ラウライタリコ,群馬県高崎市井野町1009-4 ,-,027-381-8787
UNOイタリアーノ,群馬県高崎市下中居町110-9 ,-,0273-86-8305
九十九,群馬県高崎市通町93-21 ,-,027-327-9109
かつサンド工房 PANTON,群馬県高崎市中尾町699 ,-,027-370-1230
清水十割 そばいち 高崎総本店（せいすいじゅうわり そばいち）,群馬県高崎市島野町1036-1 ,-,027-350-9123
アジアン カフェ 高崎店（Asean Cafe）,群馬県高崎市田町97-1 萬利ビル 1F,-,027-388-9898
ハニーラバープレミアムストア（HONEY LOVER PREMIUM）,群馬県高崎市八島町222 E'site高崎 2F 群馬いろは,-,027-388-8710
甲賀米粉たい焼き 高崎店,群馬県高崎市下小鳥町67-10 ,-,070-4112-2146
パンまる,群馬県高崎市飯塚町382 ,-,027-362-4337
陽気軒（ヨウキケン）,群馬県高崎市吉井町塩川37-4 ,-,027-387-7082
まるぶし　とんや,群馬県高崎市問屋町西1-7-1 1F,-,-
ザ セカンド（THE SECOND）,群馬県高崎市通町90 矢島ビル B1F,-,027-324-4812
梅屋（うめや）,群馬県高崎市箕郷町善地925-6 ,-,027-371-0141
ノアール・カフェ（NOiR CAFE）,群馬県高崎市上中居町1700 ,-,-
まじん,群馬県高崎市下横町13-1 ,-,不明の為情報お待ちしております
ホドリ,群馬県高崎市柳川町1 ,-,027-325-4064
久兵衛屋 高崎上並榎ハナミズキ通り店,群馬県高崎市上並榎町14-1 ,-,-
すみれ食堂,群馬県高崎市宮元町2 ,-,027-322-5314
延寿亭,群馬県高崎市榛名山町184 ,-,-
炙り屋 田中,群馬県高崎市栄町12-8 ,-,027-386-4388
ベックス コーヒー ショップ 高崎新幹線店（BECK'S COFFEE SHOP）,群馬県高崎市栄町1-25 ＪＲ高崎駅新幹線改札 新幹線待合室,-,-
寿し真,群馬県高崎市中尾町273-8 ,-,027-388-0686
ＲＡＩＮＥ（らいね）,群馬県高崎市南町8-9 ,-,027-321-5677
アイリッシュ温泉,群馬県高崎市本町99 ,-,027-324-5120
ワイタリアティガ 矢中店（WAITARIA TIGA）,群馬県高崎市矢中町181-1 ,-,027-381-5926
ホテルメトロポリタン 高崎（HOTEL METROPOLITAN TAKASAKI JR-EAST）,群馬県高崎市八島町222 JR高崎駅,-,027-325-3311
夢SOBA,群馬県高崎市柴崎町1258-3 ,-,不明の為情報お待ちしております
モン・セルヴァン（Mont Cervin）,群馬県高崎市井野町360-10 ヨシダハイツ101,-,027-365-5133
中国料理　四川（SHISEN）,群馬県高崎市中豊岡町16 ,-,027-327-4000
松屋 高崎南大類店,群馬県高崎市南大類町915-1 ,-,070-3821-0777
ボンジョルノ 新クッチーナ店,群馬県高崎市西島町131-2 ,027-352-1255,-
山岡家 高崎倉賀野店（やまおかや）,群馬県高崎市倉賀野町2915-1 ,-,-
サンガム（SANGAM）,群馬県高崎市中居町2-6-25 ,-,027-386-4846
タンポポ 長坂牧場内工場・直売店（tanpopo）,群馬県高崎市鼻高町1380 ,-,-
麺家かもん 棟高店,群馬県高崎市棟高町1802-17 ,-,-
とんかつ美多,群馬県高崎市上中居町1489-5 ,-,027-352-7198
う玉屋,群馬県高崎市新保町1714-6 ,-,-
喫茶 メルト（melt）,群馬県高崎市日高町424 ,-,027-386-2464
牛たん焼肉 タンじろう,群馬県高崎市栄町1-1 LABI1高崎 5F,-,027-388-0005
茶フェ ちゃきち 高崎モントレー店,群馬県高崎市八島町222 高崎モントレー 2.5F,-,-
極濃湯麺 フタツメ 八千代店,群馬県高崎市八千代町1-12-7 ,-,-
ドミノ・ピザ 高崎南町店（Domino's Pizza）,群馬県高崎市南町3-1 シティライフBILLS,-,027-345-7750
パークイン高崎,群馬県高崎市九蔵町31-1 ,-,-
進龍,群馬県高崎市吉井町馬庭731-1 ,-,027-388-5258
おちょこ,群馬県高崎市連雀町38 ,-,080-5422-3171
スペイン料理とワイン アリオンダス,群馬県佐波郡玉村町角渕4338-5 ,-,0270-27-5743
小幡郷ゴルフ倶楽部,群馬県甘楽郡甘楽町小幡1535 ,-,0274-74-6161
ASLI（アスリ）,群馬県高崎市通町135 ,-,027-325-5415
ぎょうざの満州 イーサイト高崎店,群馬県高崎市八島町222 イーサイト高崎 1F,-,-
四川料理 福来,群馬県高崎市栄町2-18 ,-,027-386-2675
スシロー 高崎南店,群馬県高崎市下之城町287-1 ,-,027-310-5800
ミスタードーナツ 高崎東ショップ,群馬県高崎市高関町56-1 ,-,027-325-8636
ウェンディーズ・ファーストキッチン 高崎店（Wendy's First KITCHEN）,群馬県高崎市貝沢町747-1 ,-,027-386-9650
ダンニャバード 高崎西口店,群馬県高崎市あら町2-1 ,-,027-323-1223
和蘭ししがしら（オランダシシガシラ）,群馬県高崎市栄町12-17 TAMONZ 1F,-,027-395-4496
幸楽苑 高崎柴崎店,群馬県高崎市柴崎町844-32 ,-,-
台湾料理 福ちゃん食堂,群馬県高崎市浜川町145-17 ,-,027-344-4299
RED ROOM rooftop & grill（レッドルーム）,群馬県高崎市栄町22-30 ,-,027-310-2211
たばちょ,群馬県高崎市連雀町65-4 文開堂ビル 1F,-,027-329-6244
なかじゅう亭 高崎オーパ店,群馬県高崎市八島町46-1 高崎オーパ 7F,-,-
おめで鯛焼き本舗 高崎並榎店,群馬県高崎市並榎町49-1 ,-,027-365-4600
とみや菓子店,群馬県高崎市新町2500 ,-,0274-42-1428
蕎麦一,群馬県高崎市島野町307 ,-,027-352-3711
酉こう,群馬県高崎市柳川町74 ２ndBOX,027-321-2288,050-5595-7498
アートマルシェ,群馬県高崎市高松町35-1 高崎市役所 21F,-,027-329-5775
シーラックパル高崎,群馬県高崎市浜尻町556-1 ,-,027-365-5586
栄寿亭（エイジュテイ）,群馬県高崎市あら町7-1 ,-,027-322-2740
生そば 恵比寿屋,群馬県高崎市若松町1-6 ,-,-
太洋軒,群馬県高崎市下室田町856-4 ,-,027-374-0098
ロイヤルホスト 高崎駅前店,群馬県高崎市東町56-1 ,-,-
らーめん ともや 高崎下之城店,群馬県高崎市下之城町176-21 ,-,027-328-2199
萬年屋,群馬県高崎市八島町117-3 萬年屋ビル 1F～3F,027-326-2424,050-5571-0630
ごはん処 ごぜん屋,群馬県高崎市栄町1-1 LABI1 高崎 5F ,-,不明の為情報お待ちしております
鮨 小野瀬,群馬県高崎市上小塙町515-7 ,-,027-340-7322
ホテル ココ・グラン 高崎,群馬県高崎市東町3-5 ,-,027-320-1155
ポワール 高崎店,群馬県高崎市飯塚町475-3 ,-,-
CoCo壱番屋 高崎下之城店（ココイチバンヤ）,群馬県高崎市下之城町178-1 ,-,027-328-8246
いろは,群馬県高崎市八島町222 Esite高崎 2F,-,-
グランダム,群馬県佐波郡玉村町上之手2025-7 ,-,0270-50-3635
ホルモンぐう,群馬県高崎市福島町709-1 ,-,027-372-8989
味の正屋 八千代店（【旧店名】むーみん）,群馬県高崎市八千代町4-14-3 ,-,027-326-9657
Greenpoint by Bedford Cafe（グリーンポイント）,群馬県高崎市西島町113-1 ,-,027-329-6110
こづち,群馬県高崎市あら町57 ,-,027-325-4561
秀膳,群馬県高崎市八千代町2-7-15 ,-,-
あづきや,群馬県高崎市寺尾町962-8 ,-,027-325-0883
西口18番,群馬県高崎市八島町70-29 幸和ビル 1F,-,-
そば処うちだ,群馬県高崎市南大類町957 ,-,-
馳走屋 魚喜（うおき）,群馬県高崎市東中里町188-5 ,-,027-347-7573
中国レストラン 雪園,群馬県高崎市緑町3-1-20 ホテルナガイ 1F,-,027-362-2626
清華軒,群馬県高崎市箕郷町上芝405-5 ,-,-
江戸吉寿司,群馬県高崎市羅漢町7 ,-,027-322-3413
スロータイム（SLOW TIME）,群馬県高崎市鞘町82 2F,-,027-325-3790
駅弁屋 上州 2号店,群馬県高崎市栄町1-25 JR高崎駅,-,-
サーティワンアイスクリーム イーサイト高崎店,群馬県高崎市八島町222 イーサイト高崎 2F,-,-
岡文吾商店,群馬県高崎市上小塙町1018-4 ,-,027-344-0211
山水苑,群馬県高崎市連雀町55-5 ,-,027-324-5426
SUNNY KITCHEN（サニーキッチン）,群馬県高崎市上大類町910-1 ,-,027-352-0117
正道軒,群馬県高崎市上並榎町162 ,-,-
クレープ モミリーウィッチ,群馬県高崎市井野町995-1 ,-,027-363-7606
來來（ライライ）,群馬県高崎市柳川町35 ,-,027-326-4265
上州山賊麺 大大坊（上州山賊麺 ダイダラボウ）,群馬県高崎市通町20-1 ,-,-
とんかつ あじろ,群馬県高崎市緑町1-11-4 ,-,-
和人良,群馬県高崎市宮元町229 大手前ハイツ 1F,-,027-322-2113
カフェ水月,群馬県高崎市榛名湖町847 ,-,027-374-9128
うなぎ一樹,群馬県高崎市片岡町3-10-14 高崎ビジネスホテル 1F,-,027-326-7250
レヴァンテ,群馬県高崎市江木町1498 ,-,027-328-4693
美ゆき食堂,群馬県高崎市新町3037-1 ,-,0274-42-1337
微笑庵,群馬県高崎市剣崎町1064-2 ,-,027-343-3026
上州地鶏鶏yasu,群馬県高崎市金井淵町123-7 ,-,027-386-3901
麺家 匠（めんや たくみ）,群馬県高崎市あら町2-3 ,-,-
レストランSR50（レストラン エスアールゴジュウ）,群馬県高崎市中居町2丁目4-22 ,-,027-352-4145
五番館,群馬県高崎市通町41-1 ,-,027-395-4526
榛名十文字うどん 本店,群馬県高崎市十文字町西の原1419-1 ,-,-
だるま食堂（【旧店名】ラーメンの店大栄龍）,群馬県高崎市飯塚町 355-3 ,-,-
香妃園,群馬県高崎市竜見町80 ,-,027-325-4108
せんや 高崎インター店,群馬県高崎市西島町49-1 ,-,027-353-5561
藤乃屋,群馬県富岡市内匠166-2 ,-,0274-63-3068
トラットリア・バンビーナ 中居店,群馬県高崎市中居町3-7-19 ,-,-
支那そば なかじま,群馬県高崎市飯塚町1190-4 東金井県営住宅　１Ｆ,-,-
たけし家,群馬県高崎市柳川町69-2 ,-,027-322-9181
オーベルジュ ザ レーサム,群馬県安中市安中5853 ,-,027-382-5151
グラシエ・バル TAKASAKI,群馬県高崎市東町80-7 グランドキャニオン 1F,-,090-3807-0157
ゆでた亭うどん太郎,群馬県高崎市下小鳥町67-5 ,-,070-8953-5962
大陸,群馬県高崎市吉井町吉井川737 ,-,027-387-2327
朝鮮飯店 高前バイパス店,群馬県高崎市問屋町西1-11-1 ,-,027-362-2040
輝鮨,群馬県高崎市本町36 ,-,027-326-0123
イタリア料理 エ・ヴィータ,群馬県高崎市檜物町104 ハイツ近藤 1F,-,027-322-3345
027りょうり つのぐむ（OTSUNARYORI TSUNOGUMU）,群馬県高崎市連雀町10 ,-,027-335-9771
フルーツパーラーSunei（サンエイ）,群馬県高崎市鞘町1-1 スズラン百貨店高崎店 2F,-,-
叶家（かのうや）,群馬県高崎市下小鳥町194-4 ,-,027-364-4474
中一,群馬県高崎市飯塚町811-9 ,-,-
CAFE＆BAR あき,群馬県高崎市八島町70-51-102 ,-,027-322-2579
パーネ デリシア 高崎駅店（Pane Delicia）,群馬県高崎市八島町222 イーサイト高崎 2F,-,-
G.G.C. 高崎本店（ジージーシー）,群馬県高崎市緑町1-28-2 ,-,027-362-8887
高崎モノリス（TAKASAKI MONOLITH）,群馬県高崎市貝沢町732 ,-,027-361-9966
野方ホープ 高崎店（のがたほーぷ）,群馬県高崎市大橋町55-1 ,-,-
高崎貝沢食堂（まいどおおきに食堂）,群馬県高崎市貝沢町1423-3 ,-,-
一休庵 ゆるり（【旧店名】一休）,群馬県高崎市中居町3-6-16 ,-,-
スターバックスコーヒー 高崎大八木店（STARBUCKS COFFE）,群馬県高崎市大八木町2113-3 ,-,027-386-3588
六郎 夢づくり菓子づくり,群馬県高崎市貝沢町465 ,-,027-363-1480
花暦氷本舗（ハナゴヨミコオリホンポ）,群馬県高崎市剣崎町1207-9 ,-,-
ブラジル グリル（BRAZIL GRILL）,群馬県高崎市鞘町63-1 さやもーる通り,-,027-386-5990
手打ちらーめんはやぶさ,群馬県高崎市日高町427-1 ,-,-
居酒屋ミーちゃん,群馬県高崎市飯塚町382-1 ,-,027-361-1749
ベローナ,群馬県高崎市小八木町178-2 ,-,027-364-8831
まぐろや 本店,群馬県高崎市中居町1-7-1 ,-,027-333-2980
梅ふく,群馬県高崎市寄合町7 ,-,027-326-9910
たらふく 中居店,群馬県高崎市矢中町317-3 ,-,-
モスバーガー イーサイト高崎店（MOS BURGER）,群馬県高崎市八島町222 イーサイト高崎 1F,-,027-310-5077
キッチン萌,群馬県高崎市下小鳥町74-12 ,-,027-363-2425
ノールズケバブカフェ（NOOR's KEBAB CAFE）,群馬県高崎市通町93-30 福ビル 1F,-,070-3134-2525
かわばんち 高崎駅店,群馬県高崎市八島町222 イーサイト高崎 2F,-,027-388-0593
武蔵野うどんっ かみつけ製麺店,群馬県高崎市菅谷町116-1 ,-,-
小紋,群馬県高崎市八千代町2-7-11 ,-,027-323-1661
Choinomi KATSU イーサイト高崎店（チョイノミ カツ）,群馬県高崎市八島町222 イーサイト高崎 2F,-,-
おきらく亭,群馬県高崎市通町129-2 ,-,不明の為情報お待ちしております
ろばた焼きとり 縁 本店（えにし）,群馬県高崎市通町33-5 1Ｆ,-,027-386-6898
丸亀製麺 高崎店,群馬県高崎市高関町365-1 ,-,-
bistro e´ 630（ビストロロミオ）,群馬県佐波郡玉村町下新田923-1 ,-,0270-61-8486
花火（hanabi）,群馬県高崎市連雀町25 寿ビル2F,-,027-321-7888
スターバックス コーヒー 高崎貝沢店,群馬県高崎市貝沢町1327-3 ,-,-
カフェテラス エヴァ,群馬県高崎市榛名湖町185 ,-,-
ゆで太郎 高崎問屋町店,群馬県高崎市飯塚町482 ,-,-
魚料理 ヒロ幸,群馬県佐波郡玉村町下新田828-5 ,-,0270-65-3814
おおぎやラーメン 高崎石原店,群馬県高崎市石原町1467 ,-,-
和食処 悠水,群馬県高崎市下室田町2229-6 ,-,027-374-4919
いっせい,群馬県高崎市並榎町218 ,-,027-322-5898
大戸屋 高崎貝沢店,群馬県高崎市貝沢町1258-1 ,-,-
手打そば 一宮（手打そば いっくう）,群馬県高崎市榛名山町152 ,-,027-374-9418
たかさき食堂 高崎オーパ店,群馬県高崎市八島町46-1 高崎オーパ 7F,-,027-386-9864
壱角家 高崎店,群馬県高崎市問屋町西2-4-17 ,-,-
やなぎ家,群馬県高崎市飯塚町1540-2 ,-,027-384-3889
ル・シーニュ,群馬県高崎市江木町412-1 ,-,027-322-3337
海鮮しゃぶしゃぶ   松もと,群馬県高崎市本町30-1 まるこうビル 1F,-,027-329-6939
道の駅 くらぶち小栗の里,群馬県高崎市倉渕町三ノ倉296-1 ,-,-
ステーキ。山 高崎上大類店,群馬県高崎市上大類町933-1 ,027-352-1701,050-5590-6077
ナンカレーハウス,群馬県高崎市江木町332-3 富士ビル 102,-,027-381-6926
レガーロ×レガーレ（Regalo×Regaie）,群馬県高崎市下里見町1701-1 ,-,027-384-8892
ガスト 倉賀野店,群馬県高崎市倉賀野町308 ,-,027-320-2127
らーめん つけ麺 けのひ,群馬県高崎市末広町4-8 ,-,-
九官亭,群馬県高崎市飯玉町42-6 ,-,027-362-3597
PGM 富岡カントリークラブ サウスコース,群馬県富岡市星田814-1 ,-,0274-63-1100
デンバープレミアム 高崎オーパ店,群馬県高崎市八島町46-1 高崎オーパ 8F,-,-
芳房堂,群馬県高崎市貝沢町1069 ,-,027-361-4170
くれせんと,群馬県高崎市貝沢町740-1 パリスコート 103,-,027-386-2244
ＰＧＭ富岡カントリークラブノースコース レストラン,群馬県富岡市小桑原432 ,-,0274-64-0001
寺西精肉店 末広支店,群馬県高崎市末広町65 ,-,027-323-5998
柳川 美熊野 鉄板ステーキ,群馬県高崎市柳川町70 ホテルグランビュー高崎 4F,-,050-3138-3320
エテルナ高崎,群馬県高崎市栄町22-30 ,-,027-323-1122
おぼろ家,群馬県高崎市筑縄町436-8 ,-,-
キッサ コーヒー生豆と焙煎（Kissa Caffe）,群馬県高崎市南大類町1030-2 ,-,027-377-3277
パン小麦工房 櫻（桜 さくら）,群馬県高崎市下小鳥町87-8 ,-,027-365-5289
Restaurant Cafe CARO（カーロ）,群馬県高崎市連雀町25-1 寿ビル １F,-,027-326-8688
ミスタードーナツ 高崎駅ビルショップ,群馬県高崎市八島町222 高崎モントレー 1F,-,027-322-3343
高崎タカシマヤ屋上ビアガーデン,群馬県高崎市旭町45 高崎タカシマヤ 屋上,-,-
居酒屋 萬坊（まんぼう）,群馬県高崎市連雀町26 ,-,027-323-6293
おおぎやラーメン 高崎問屋町店,群馬県高崎市問屋町2-11-2 ,-,-
蛮珈梦,群馬県高崎市八千代町2-4-6 ,-,不明の為情報お待ちしております
炭火焼肉ホルモンしま田 高崎店,群馬県高崎市宮元町205 2F,-,050-1720-3736
大天狗,群馬県高崎市栄町1-8 ,-,-
BROWN WORKS COFFEE 日高店（ブラウン ワークス コーヒー）,群馬県高崎市日高町1014-1 ,-,027-335-6789
英国式紅茶とガーデニング　セリーズハウス,群馬県佐波郡玉村町下新田821-7 ,-,0270-65-1055
山田うどん 高崎インター店,群馬県高崎市島野996-1 ,-,-
kobu（コブ）,群馬県高崎市九蔵町4-1 1F,027-335-9629,050-5456-5496
中華そば ぺる鶏,群馬県高崎市通町143-5 ,-,-
パステルイタリアーナ 高崎店,群馬県高崎市栄町1-1 LABI1高崎 5F,027-328-7744,050-5600-2839
おおぎやラーメン 倉賀野店,群馬県高崎市倉賀野町2466-9‎ ,-,-
ゆず庵 高崎緑町店,群馬県高崎市緑町3-2-5 ,-,027-370-5120
ざぜん川,群馬県高崎市福島町701-1 ,-,027-372-0534
すき家 高崎棟高店,群馬県高崎市棟高町1868-113 ,-,非公開
高崎はた山,群馬県高崎市東町158-20 Ｋビル 1F,-,070-9105-2787
てっぱん音頭  高崎緑町店,群馬県高崎市緑町2-2-5 ,-,027-388-8029
椿食堂（ツバキショクドウ）,群馬県高崎市椿町22 ,-,070-8426-3498
麦香村（バッカソン）,群馬県高崎市問屋町西1-3-21 ,-,027-386-8262
マハトマ,群馬県高崎市問屋町西1-3-1 ,-,027-362-3451
ホルモン まつき屋,群馬県高崎市箕郷町下芝672-1 ,-,027-333-4768
モグのパン,群馬県高崎市東貝沢町3-10-1 ,-,-
丹涼,群馬県高崎市本町110 ,-,027-323-0093
日高屋  イーサイト高崎店,群馬県高崎市八島町222 イーサイト高崎 2F,-,-
Barrie Base Cafe（バリー ベース カフェ）,群馬県高崎市新町2137-3 ,-,0274-42-8211
オリオン餃子 高崎駅前店,群馬県高崎市八島町17-1 信和ビル 1F,-,027-384-2098
リトロボイルマーレジーナ（Ritrobo il mare Gina）,群馬県高崎市通町36-1 ピーチヒル１Ｆ,-,027-386-2690
山岡家 高崎中尾店（やまおかや）,群馬県高崎市中尾町440-1 ,-,-
DONDOLO,群馬県高崎市飯塚町1173-2 ,-,027-333-8848
拓心庵,群馬県高崎市上中居町503 ,-,027-323-3003
モスバーガー 高崎高関店,群馬県高崎市高関町429-2 ,-,027-323-3171
ニューデイズ 高崎21号,群馬県高崎市八島町222 高崎駅構内新幹線コンコース,-,-
久兵衛屋 高崎矢中店（きゅうべいや）,群馬県高崎市矢中町181-2 ,-,-
らーめんや なかじゅう亭 高崎市通町本店,群馬県高崎市通町128 ,-,-
CAFE高崎じまん,群馬県高崎市八島町46-1 高崎オーパ 7F,-,-
手打ちそば 舞鶴,群馬県高崎市通町90-12 ,-,027-327-8771
じぇら21,群馬県富岡市富岡2638-1 ,-,0274-62-6921
REBOOT COFFEEBAR TAKASAKI（リブート）,群馬県高崎市寄合町25-12 スタービル 1F,-,不明の為情報お待ちしております
はましょく 西口店,群馬県高崎市砂賀町22-4 ,-,027-386-3354
ジョイフル 高崎店（Joyfull）,群馬県高崎市柴崎町815-1 ,-,-
鉢の木七冨久,群馬県高崎市赤坂町73 ,-,027-322-6001
美食 みやま,群馬県高崎市通町128 ,-,027-321-3860
カレースタンド バイマイ 高崎店（curry stand baimai）,群馬県高崎市本町64-1-1 ,-,-
むさしの森珈琲 高崎問屋町店,群馬県高崎市問屋町4-8-15 ,-,027-364-0153
ごはん処 矢中食堂,群馬県高崎市矢中町2-1 ,-,-
ル ポンポン（Le pompon）,群馬県高崎市椿町31-2 ,-,027-384-8760
はなぶさ（英）,群馬県高崎市上中居町1212-1 ,-,090-2213-8723
ノックス（KNOCKS）,群馬県高崎市柳川町83-2 ,-,027-320-7030
天ぷら もっこす,群馬県高崎市中大類町426-7 ,027-395-8807,050-5872-9051
パンダサン（PAN DA SAN）,群馬県高崎市飯塚町381-1 ,-,027-384-4113
ステーキ宮 上豊岡店,群馬県高崎市上豊岡町574-3 ,-,-
駅そば そば・うどん八起家 西口店（【旧店名】たかべん ０番線ホーム店）,群馬県高崎市栄町1-25 JR高崎駅 1F,-,-
ベイコック 高崎問屋町店,群馬県高崎市飯塚町368-1 ,-,027-362-8863
だるま大使～HANARE～,群馬県高崎市貝沢町町724-1 問屋ステーションビル 1F,-,-
鈴木亭（Family Dining　鈴木亭）,群馬県高崎市江木町1430-2 ,-,-
観音屋,群馬県高崎市中紺屋町22 ,-,027-325-2000
おゝみや,群馬県高崎市下室田町1068 ,-,027-374-0075
富美,群馬県高崎市乗附町879-3 ,-,027-325-9157
海力,群馬県高崎市通町141-11 ,-,027-326-0669
彩湖庵,群馬県高崎市榛名湖町840 ,-,-
りんでんばーむ  高崎店,群馬県高崎市新保町69-1 ,-,027-350-1535
はらっぱ 駅ビルモントレー店,群馬県高崎市八島町222 高崎モントレー 5F レストラン街,-,-
バタチキ 高崎オーパ店,群馬県高崎市八島町46-1 高崎オーパ 7F,-,-
LA MAISON DU NOMURA（ラ メゾン デュ ノムラ）,群馬県高崎市貝沢町740-1 パリスコート 1F,-,027-363-7734
ボンジョルノ 本店,群馬県高崎市筑縄町50-1 ,027-362-7722,-
日本の洋食　玉いち,群馬県高崎市上並榎町1000-4 ,-,027-362-8832
クリンクリン（Clin.Clin.）,群馬県高崎市片岡町3-4-1 ,-,-
味里,群馬県高崎市箕郷町上芝181-2 ,-,027-371-0471
スターサンジ LABI1高崎店,群馬県高崎市栄町1-1 LABI1高崎 5F,-,-
チャワン 高崎オーパ店（chawan）,群馬県高崎市八島町46-1 高崎オーパ 8F,-,027-310-5888
だるま餃子.com（だるま餃子ドットコム）,群馬県高崎市田町119-1 シティハイム田町 1Ｆ,-,080-3735-0078
スターバックス・コーヒー 高崎駅ビルモントレー店（STARBUCKS COFFEE）,群馬県高崎市八島町222 高崎モントレー 2F,-,-
gurumi（グルミ）,群馬県高崎市金古町2377-1 ,-,027-373-9630
とり料理たなか,群馬県高崎市新町2145-3 ,-,0274-42-0470
アン フルティエール（an fruitiere）,群馬県高崎市本町120 ,-,不明の為情報お待ちしております
オニオン食堂,群馬県高崎市倉賀野町2661-3 ,-,-
恵比寿,群馬県高崎市上豊岡町555-4 ,-,-
武蔵野肉うどん 一二三,群馬県高崎市岩押町5-24 ,-,027-322-6922
ラーメン 赤沼,群馬県高崎市江木町624-33 ,-,-
成城石井 高崎モントレー店,群馬県高崎市八島町222 ,-,-
自家製麺 くろ松,群馬県高崎市柳川町9-5 ,-,不明の為情報お待ちしております
ハンバーグ るぅ,群馬県高崎市問屋町西1-6-8 青木ビル 1F,-,080-5919-9335
PIZZERIA BACI（ピッツェリア バーチ）,群馬県高崎市連雀町21-1 連雀町ビル 1F,-,027-395-4846
塩らーめん 小粋,群馬県高崎市井野町711-1 ,-,-
丸川商店,群馬県高崎市八島町32-7 三笠第二ビル 2Ｆ,-,027-345-8818
izakaya くら田（kurata）,群馬県高崎市通町43 ウィズスクエア 1F,-,027-388-1277
志庵,群馬県高崎市問屋町西1-6-8 青木ビル1-南,-,0273-95-0840
藤岡温泉ホテル,群馬県藤岡市上日野618-2 ,-,0274-28-0700
鮨むらかみ,群馬県高崎市八千代町2-12-14 ,-,027-325-7239
ドライブイン七輿,群馬県藤岡市上落合853 ,-,-
焼肉箕輪亭,群馬県高崎市浜川町195 ,-,027-344-4101
焼鳥 コの字,群馬県高崎市田町106-5 ,-,-
丸源（マルゲン）,群馬県高崎市井手町922-4 ,-,027-386-8598
やきとり　やまもと,群馬県高崎市田町113 ,-,027-321-5589
高崎じまん,群馬県高崎市八島町48-1 高崎オーパ 1F,-,-
丸亀製麺 高崎大八木店,群馬県高崎市大八木町653-1 ,-,-
えんや,群馬県高崎市東町160-23 ,-,027-325-9766
大豪,群馬県高崎市上大類町1050-5 ,-,-
炭火焼肉 ほるもん ステーキ 中田悠一,群馬県高崎市通町130 ,070-3336-2929,050-5594-2898
カフェ トナカ（cafe tonaka）,群馬県高崎市上大類町1038 ,-,-
cafe 六花（カフェ リッカ）,群馬県高崎市箕郷町東明屋205 ,-,027-371-8542
登利平 群馬町店,群馬県高崎市群馬町福島701-11 ,-,027-372-4821
ケンタッキーフライドチキン 倉賀野バイパス店,群馬県高崎市下之城町字村北176-8 ,-,027-320-1670
大阪串かつ みなみ,群馬県高崎市連雀町10 1F,-,027-321-3080
麺や まる喜,群馬県高崎市上小鳥432-1 ,-,-
翔鶴 高崎店（ショウカク）,群馬県高崎市棟高町2088-2 ,-,-
甲子亭 支店,群馬県高崎市榛名湖町840-1 ,-,-
パン アンド ベイクショップ キリッチェ（Kiritche）,群馬県高崎市剣崎町1186-9 ,-,-
駅弁屋上州　上州３号店,群馬県高崎市栄町1-25 ＪＲ高崎駅（新幹線）構内,-,-
マクドナルド 高崎小塙町店（McDonalds）,群馬県高崎市下小塙町1030-1 ,-,027-340-7191
らーめん居酒場 ゆう太,群馬県高崎市新紺屋町29 ,-,027-325-0051
シェフPaPa,群馬県高崎市通町126 ,-,090-9002-4841
きんとうん,群馬県高崎市菅谷町石塚928-1 ,-,027-333-1614
手打ちラーメン 清仁軒,群馬県高崎市本町117-3 ,-,-
手打うどん そば 温石（おんじゃく）,群馬県高崎市下大島町360-1 ,-,-
丸三角四角（○△□）,群馬県高崎市新町3200 ,-,不明の為情報お待ちしております
喫茶・食堂 オイテッテ（oitette）,群馬県高崎市中豊岡町819 ,-,027-388-9117
東京麺珍亭本舗 高崎インター店,群馬県高崎市西島町37-2 ,-,-
青木家,群馬県高崎市下之城町489-1 ,-,-
かつ哲 総本店（かつてつ）,群馬県高崎市下小鳥町68 ,-,027-363-4188
いちもん軒,群馬県高崎市高関町446-3 ,-,027-388-8293
じんだい（仁大）,群馬県高崎市問屋町1-11-20 ,-,027-363-1492
ミスタードーナツ 高崎小鳥町ショップ（Mister Donut）,群馬県高崎市下小鳥町446-7 ,-,027-362-9414
市場食堂（イチバショクドウ）,群馬県高崎市下大類町1258 高崎市総合卸売市場,-,-
高崎駅前プラザホテル,群馬県高崎市通町4 ,-,027-322-1011
とんかつ富留川,群馬県高崎市下之城町171-5 ,-,027-323-8977
シーエムツー カフェ（CM2 CAFE）,群馬県高崎市矢中町315-6 ,-,027-388-9135
弁当のさまた,群馬県高崎市大八木町1100-1 ,-,027-361-2606
つゆ下 梅の花,群馬県高崎市栄町14-9 ,-,027-395-0505
朝鮮飯店 倉賀野バイパス店,群馬県高崎市倉賀野町4675-6 ,-,027-347-4129
ティースタイルバル（T-STYLE BAR）,群馬県高崎市八島町46-1 高崎オーパ 1F イオンスタイル,-,-
うさぎ,群馬県高崎市乗附町240-1 ,-,-
炭火bistro GOETHE（ゲーテ）,群馬県高崎市連雀町4-4 ,-,不明の為情報お待ちしております
パン工房シエル（ciel）,群馬県高崎市矢中町321-24 ,-,027-360-5531
草木万里野 高崎大類店（クサキマリノ）,群馬県高崎市南大類町993-1 ,-,027-381-8155
OFTEN（オーフン）,群馬県高崎市矢中町576 ,-,不明の為情報お待ちしております
だるま大使 本店,群馬県高崎市剣崎町1186-12 ,-,-
焼肉 慶州苑,群馬県高崎市鞘町58 ,-,027-326-9944
蕎麦処 つゆ下 梅の花 筑縄店,群馬県高崎市筑縄町14-4 ,-,027-365-2360
高崎弁当株式会社（たかべん）,群馬県高崎市倉賀野町41 ,-,0120-56-2571
サブリナ パスタクラムチャウダー 高崎オーパ店（sabrina パスタ&クラムチャウダー）,群馬県高崎市八島町46-1 高崎オーパ 7F,-,027-387-0630
ニューマハラジャ,群馬県高崎市上大類町903-1 ,-,027-352-1312
HANAGATAYA 高崎,群馬県高崎市八島町222 2F,-,-
亀屋食堂,群馬県高崎市金古町265-1 ,-,-
魚籠屋（びくや）,群馬県高崎市榛名山町360 ,-,-
麺処 鶴舞屋（めんどころ つるまや）,群馬県高崎市飯塚町179-3 ,-,-
パルメ（PALMER）,群馬県高崎市通町67-2 ,-,027-320-9292
おおぎやラーメン 玉村町店,群馬県佐波郡玉村町上之手1512-5 ,-,-
銘酒サロンココロ,群馬県高崎市旭町37-6 アーキビルディング 3F,-,027-326-8886
一心庵（いっしんあん）,群馬県高崎市北新波町115-1 ,-,027-344-4845
高倉町珈琲 高崎店,群馬県高崎市上小鳥町158-1 ,-,027-386-4160
とんかつ 若葉,群馬県高崎市上佐野町599-1 メゾン小林 1F,-,-
慶会楼 高崎店,群馬県高崎市八島町104 ,-,-
手打ちうどん たらっぺ,群馬県高崎市新保町159 ,-,027-353-1696
あお木,群馬県高崎市高砂町244-1 ,-,-
はらっぱ 高崎問屋町店,群馬県高崎市問屋町西1-6-1 ,-,-
Ao 2nd,群馬県高崎市通町140-14 のらねこビル 2Ｆ,-,090-5459-1115
いずみ食堂,群馬県高崎市倉渕町三ノ倉322 ,-,-
鳳（おおとり）,群馬県高崎市砂賀町43 ,-,027-329-5955
コナズ珈琲 高崎店,群馬県高崎市上大類町914-1 ,-,-
高崎ウルスタ丼,群馬県高崎市江木町223 プチタウン,-,027-388-9120
みそぎ屋,群馬県高崎市榛名山町849 ,-,-
ピエール,群馬県高崎市下小鳥町61-6 ,-,027-362-7238
自然堂,群馬県高崎市旭町40-2 レマンビル 2F,-,090-8005-7262
パターテ 矢中店,群馬県高崎市矢中町138-14 ,-,027-347-5510
浅川商店 小鳥店,群馬県高崎市下小鳥町67‐5 ,-,不明の為情報お待ちしております
なんじゃもんじゃ,群馬県高崎市上小鳥町169-1 ,-,027-364-4137
spoon  菅谷店,群馬県高崎市菅谷町1243-10 ,-,027-310-0112
ほっこり中華 こころや,群馬県高崎市吉井町小串194-1 ,-,090-9681-5568
クアトロ,群馬県高崎市井出町636-7 ,-,027-381-8238
うどん処みわや,群馬県安中市板鼻647-8 ,-,-
風の都,群馬県高崎市下小鳥町462-1 ,-,027-388-9539
松のや 高崎南大類店,群馬県高崎市南大類町915-1 ,-,-
前田屋,群馬県高崎市柳川町75-1 ,-,非公開
Laithai（ライタイ）,群馬県高崎市東町28 コーポラス高崎 1F,-,不明の為情報お待ちしております
和食 佐藤,群馬県高崎市田町75-4 富士ビル 1F,-,027-388-0280
蕎麦処つゆ下梅の花 本店,群馬県高崎市栄町25-13 ,-,027-323-1140
たちばな源氏庵,群馬県富岡市下黒岩595 ,-,0274-63-3338
ボンジョルノ スズラン店,群馬県高崎市鞘町1-1 2F,027-381-8678,-
